"replication","method","alpha","tpr","fpr","fdr","selected_count","ssp","covered"
1,"mfscreen",0.05,1,0.00100806451612903,0.111111111111111,9,1,0
1,"mfscreen",0.1,1,0.00100806451612903,0.111111111111111,9,1,0
1,"mfscreen",0.15,1,0.00201612903225806,0.2,10,1,0
1,"mfscreen",0.2,1,0.00201612903225806,0.2,10,1,1
1,"mfscreen",0.25,1,0.00504032258064516,0.384615384615385,13,1,0
1,"Pearson SIS",0.05,1,0.0423387096774194,0.84,50,1,0
1,"Pearson SIS",0.1,1,0.0423387096774194,0.84,50,1,0
1,"Pearson SIS",0.15,1,0.0423387096774194,0.84,50,1,0
1,"Pearson SIS",0.2,1,0.0423387096774194,0.84,50,1,0
1,"Pearson SIS",0.25,1,0.0423387096774194,0.84,50,1,0
1,"Spearman SIS",0.05,1,0.0423387096774194,0.84,50,1,0
1,"Spearman SIS",0.1,1,0.0423387096774194,0.84,50,1,0
1,"Spearman SIS",0.15,1,0.0423387096774194,0.84,50,1,0
1,"Spearman SIS",0.2,1,0.0423387096774194,0.84,50,1,0
1,"Spearman SIS",0.25,1,0.0423387096774194,0.84,50,1,0
1,"Logistic SIS",0.05,1,0.0423387096774194,0.84,50,1,0
1,"Logistic SIS",0.1,1,0.0423387096774194,0.84,50,1,0
1,"Logistic SIS",0.15,1,0.0423387096774194,0.84,50,1,0
1,"Logistic SIS",0.2,1,0.0423387096774194,0.84,50,1,0
1,"Logistic SIS",0.25,1,0.0423387096774194,0.84,50,1,0
2,"mfscreen",0.05,1,0.00100806451612903,0.111111111111111,9,1,0
2,"mfscreen",0.1,1,0.00100806451612903,0.111111111111111,9,1,0
2,"mfscreen",0.15,1,0.00100806451612903,0.111111111111111,9,1,1
2,"mfscreen",0.2,1,0.00100806451612903,0.111111111111111,9,1,1
2,"mfscreen",0.25,1,0.00100806451612903,0.111111111111111,9,1,1
2,"Pearson SIS",0.05,1,0.0423387096774194,0.84,50,1,0
2,"Pearson SIS",0.1,1,0.0423387096774194,0.84,50,1,0
2,"Pearson SIS",0.15,1,0.0423387096774194,0.84,50,1,0
2,"Pearson SIS",0.2,1,0.0423387096774194,0.84,50,1,0
2,"Pearson SIS",0.25,1,0.0423387096774194,0.84,50,1,0
2,"Spearman SIS",0.05,1,0.0423387096774194,0.84,50,1,0
2,"Spearman SIS",0.1,1,0.0423387096774194,0.84,50,1,0
2,"Spearman SIS",0.15,1,0.0423387096774194,0.84,50,1,0
2,"Spearman SIS",0.2,1,0.0423387096774194,0.84,50,1,0
2,"Spearman SIS",0.25,1,0.0423387096774194,0.84,50,1,0
2,"Logistic SIS",0.05,1,0.0423387096774194,0.84,50,1,0
2,"Logistic SIS",0.1,1,0.0423387096774194,0.84,50,1,0
2,"Logistic SIS",0.15,1,0.0423387096774194,0.84,50,1,0
2,"Logistic SIS",0.2,1,0.0423387096774194,0.84,50,1,0
2,"Logistic SIS",0.25,1,0.0423387096774194,0.84,50,1,0
3,"mfscreen",0.05,1,0.00100806451612903,0.111111111111111,9,1,0
3,"mfscreen",0.1,1,0.00100806451612903,0.111111111111111,9,1,0
3,"mfscreen",0.15,1,0.00100806451612903,0.111111111111111,9,1,1
3,"mfscreen",0.2,1,0.00100806451612903,0.111111111111111,9,1,1
3,"mfscreen",0.25,1,0.00100806451612903,0.111111111111111,9,1,1
3,"Pearson SIS",0.05,1,0.0423387096774194,0.84,50,1,0
3,"Pearson SIS",0.1,1,0.0423387096774194,0.84,50,1,0
3,"Pearson SIS",0.15,1,0.0423387096774194,0.84,50,1,0
3,"Pearson SIS",0.2,1,0.0423387096774194,0.84,50,1,0
3,"Pearson SIS",0.25,1,0.0423387096774194,0.84,50,1,0
3,"Spearman SIS",0.05,1,0.0423387096774194,0.84,50,1,0
3,"Spearman SIS",0.1,1,0.0423387096774194,0.84,50,1,0
3,"Spearman SIS",0.15,1,0.0423387096774194,0.84,50,1,0
3,"Spearman SIS",0.2,1,0.0423387096774194,0.84,50,1,0
3,"Spearman SIS",0.25,1,0.0423387096774194,0.84,50,1,0
3,"Logistic SIS",0.05,1,0.0423387096774194,0.84,50,1,0
3,"Logistic SIS",0.1,1,0.0423387096774194,0.84,50,1,0
3,"Logistic SIS",0.15,1,0.0423387096774194,0.84,50,1,0
3,"Logistic SIS",0.2,1,0.0423387096774194,0.84,50,1,0
3,"Logistic SIS",0.25,1,0.0423387096774194,0.84,50,1,0
4,"mfscreen",0.05,1,0,0,8,1,1
4,"mfscreen",0.1,1,0,0,8,1,1
4,"mfscreen",0.15,1,0.00100806451612903,0.111111111111111,9,1,1
4,"mfscreen",0.2,1,0.00100806451612903,0.111111111111111,9,1,1
4,"mfscreen",0.25,1,0.00100806451612903,0.111111111111111,9,1,1
4,"Pearson SIS",0.05,1,0.0423387096774194,0.84,50,1,0
4,"Pearson SIS",0.1,1,0.0423387096774194,0.84,50,1,0
4,"Pearson SIS",0.15,1,0.0423387096774194,0.84,50,1,0
4,"Pearson SIS",0.2,1,0.0423387096774194,0.84,50,1,0
4,"Pearson SIS",0.25,1,0.0423387096774194,0.84,50,1,0
4,"Spearman SIS",0.05,1,0.0423387096774194,0.84,50,1,0
4,"Spearman SIS",0.1,1,0.0423387096774194,0.84,50,1,0
4,"Spearman SIS",0.15,1,0.0423387096774194,0.84,50,1,0
4,"Spearman SIS",0.2,1,0.0423387096774194,0.84,50,1,0
4,"Spearman SIS",0.25,1,0.0423387096774194,0.84,50,1,0
4,"Logistic SIS",0.05,1,0.0423387096774194,0.84,50,1,0
4,"Logistic SIS",0.1,1,0.0423387096774194,0.84,50,1,0
4,"Logistic SIS",0.15,1,0.0423387096774194,0.84,50,1,0
4,"Logistic SIS",0.2,1,0.0423387096774194,0.84,50,1,0
4,"Logistic SIS",0.25,1,0.0423387096774194,0.84,50,1,0
5,"mfscreen",0.05,1,0,0,8,1,1
5,"mfscreen",0.1,1,0.00100806451612903,0.111111111111111,9,1,0
5,"mfscreen",0.15,1,0.00201612903225806,0.2,10,1,0
5,"mfscreen",0.2,1,0.00201612903225806,0.2,10,1,1
5,"mfscreen",0.25,1,0.00201612903225806,0.2,10,1,1
5,"Pearson SIS",0.05,1,0.0423387096774194,0.84,50,1,0
5,"Pearson SIS",0.1,1,0.0423387096774194,0.84,50,1,0
5,"Pearson SIS",0.15,1,0.0423387096774194,0.84,50,1,0
5,"Pearson SIS",0.2,1,0.0423387096774194,0.84,50,1,0
5,"Pearson SIS",0.25,1,0.0423387096774194,0.84,50,1,0
5,"Spearman SIS",0.05,1,0.0423387096774194,0.84,50,1,0
5,"Spearman SIS",0.1,1,0.0423387096774194,0.84,50,1,0
5,"Spearman SIS",0.15,1,0.0423387096774194,0.84,50,1,0
5,"Spearman SIS",0.2,1,0.0423387096774194,0.84,50,1,0
5,"Spearman SIS",0.25,1,0.0423387096774194,0.84,50,1,0
5,"Logistic SIS",0.05,1,0.0423387096774194,0.84,50,1,0
5,"Logistic SIS",0.1,1,0.0423387096774194,0.84,50,1,0
5,"Logistic SIS",0.15,1,0.0423387096774194,0.84,50,1,0
5,"Logistic SIS",0.2,1,0.0423387096774194,0.84,50,1,0
5,"Logistic SIS",0.25,1,0.0423387096774194,0.84,50,1,0
6,"mfscreen",0.05,0.875,0,0,7,0,1
6,"mfscreen",0.1,0.875,0,0,7,0,1
6,"mfscreen",0.15,1,0,0,8,1,1
6,"mfscreen",0.2,1,0.00100806451612903,0.111111111111111,9,1,1
6,"mfscreen",0.25,1,0.0030241935483871,0.272727272727273,11,1,0
6,"Pearson SIS",0.05,1,0.0423387096774194,0.84,50,1,0
6,"Pearson SIS",0.1,1,0.0423387096774194,0.84,50,1,0
6,"Pearson SIS",0.15,1,0.0423387096774194,0.84,50,1,0
6,"Pearson SIS",0.2,1,0.0423387096774194,0.84,50,1,0
6,"Pearson SIS",0.25,1,0.0423387096774194,0.84,50,1,0
6,"Spearman SIS",0.05,1,0.0423387096774194,0.84,50,1,0
6,"Spearman SIS",0.1,1,0.0423387096774194,0.84,50,1,0
6,"Spearman SIS",0.15,1,0.0423387096774194,0.84,50,1,0
6,"Spearman SIS",0.2,1,0.0423387096774194,0.84,50,1,0
6,"Spearman SIS",0.25,1,0.0423387096774194,0.84,50,1,0
6,"Logistic SIS",0.05,1,0.0423387096774194,0.84,50,1,0
6,"Logistic SIS",0.1,1,0.0423387096774194,0.84,50,1,0
6,"Logistic SIS",0.15,1,0.0423387096774194,0.84,50,1,0
6,"Logistic SIS",0.2,1,0.0423387096774194,0.84,50,1,0
6,"Logistic SIS",0.25,1,0.0423387096774194,0.84,50,1,0
7,"mfscreen",0.05,0.875,0.00100806451612903,0.125,8,0,0
7,"mfscreen",0.1,0.875,0.00100806451612903,0.125,8,0,0
7,"mfscreen",0.15,1,0.00201612903225806,0.2,10,1,0
7,"mfscreen",0.2,1,0.00201612903225806,0.2,10,1,1
7,"mfscreen",0.25,1,0.0030241935483871,0.272727272727273,11,1,0
7,"Pearson SIS",0.05,1,0.0423387096774194,0.84,50,1,0
7,"Pearson SIS",0.1,1,0.0423387096774194,0.84,50,1,0
7,"Pearson SIS",0.15,1,0.0423387096774194,0.84,50,1,0
7,"Pearson SIS",0.2,1,0.0423387096774194,0.84,50,1,0
7,"Pearson SIS",0.25,1,0.0423387096774194,0.84,50,1,0
7,"Spearman SIS",0.05,1,0.0423387096774194,0.84,50,1,0
7,"Spearman SIS",0.1,1,0.0423387096774194,0.84,50,1,0
7,"Spearman SIS",0.15,1,0.0423387096774194,0.84,50,1,0
7,"Spearman SIS",0.2,1,0.0423387096774194,0.84,50,1,0
7,"Spearman SIS",0.25,1,0.0423387096774194,0.84,50,1,0
7,"Logistic SIS",0.05,1,0.0423387096774194,0.84,50,1,0
7,"Logistic SIS",0.1,1,0.0423387096774194,0.84,50,1,0
7,"Logistic SIS",0.15,1,0.0423387096774194,0.84,50,1,0
7,"Logistic SIS",0.2,1,0.0423387096774194,0.84,50,1,0
7,"Logistic SIS",0.25,1,0.0423387096774194,0.84,50,1,0
8,"mfscreen",0.05,1,0.00100806451612903,0.111111111111111,9,1,0
8,"mfscreen",0.1,1,0.00100806451612903,0.111111111111111,9,1,0
8,"mfscreen",0.15,1,0.00100806451612903,0.111111111111111,9,1,1
8,"mfscreen",0.2,1,0.00201612903225806,0.2,10,1,1
8,"mfscreen",0.25,1,0.0030241935483871,0.272727272727273,11,1,0
8,"Pearson SIS",0.05,1,0.0423387096774194,0.84,50,1,0
8,"Pearson SIS",0.1,1,0.0423387096774194,0.84,50,1,0
8,"Pearson SIS",0.15,1,0.0423387096774194,0.84,50,1,0
8,"Pearson SIS",0.2,1,0.0423387096774194,0.84,50,1,0
8,"Pearson SIS",0.25,1,0.0423387096774194,0.84,50,1,0
8,"Spearman SIS",0.05,1,0.0423387096774194,0.84,50,1,0
8,"Spearman SIS",0.1,1,0.0423387096774194,0.84,50,1,0
8,"Spearman SIS",0.15,1,0.0423387096774194,0.84,50,1,0
8,"Spearman SIS",0.2,1,0.0423387096774194,0.84,50,1,0
8,"Spearman SIS",0.25,1,0.0423387096774194,0.84,50,1,0
8,"Logistic SIS",0.05,1,0.0423387096774194,0.84,50,1,0
8,"Logistic SIS",0.1,1,0.0423387096774194,0.84,50,1,0
8,"Logistic SIS",0.15,1,0.0423387096774194,0.84,50,1,0
8,"Logistic SIS",0.2,1,0.0423387096774194,0.84,50,1,0
8,"Logistic SIS",0.25,1,0.0423387096774194,0.84,50,1,0
9,"mfscreen",0.05,1,0.00100806451612903,0.111111111111111,9,1,0
9,"mfscreen",0.1,1,0.00100806451612903,0.111111111111111,9,1,0
9,"mfscreen",0.15,1,0.00201612903225806,0.2,10,1,0
9,"mfscreen",0.2,1,0.00201612903225806,0.2,10,1,1
9,"mfscreen",0.25,1,0.0030241935483871,0.272727272727273,11,1,0
9,"Pearson SIS",0.05,1,0.0423387096774194,0.84,50,1,0
9,"Pearson SIS",0.1,1,0.0423387096774194,0.84,50,1,0
9,"Pearson SIS",0.15,1,0.0423387096774194,0.84,50,1,0
9,"Pearson SIS",0.2,1,0.0423387096774194,0.84,50,1,0
9,"Pearson SIS",0.25,1,0.0423387096774194,0.84,50,1,0
9,"Spearman SIS",0.05,1,0.0423387096774194,0.84,50,1,0
9,"Spearman SIS",0.1,1,0.0423387096774194,0.84,50,1,0
9,"Spearman SIS",0.15,1,0.0423387096774194,0.84,50,1,0
9,"Spearman SIS",0.2,1,0.0423387096774194,0.84,50,1,0
9,"Spearman SIS",0.25,1,0.0423387096774194,0.84,50,1,0
9,"Logistic SIS",0.05,1,0.0423387096774194,0.84,50,1,0
9,"Logistic SIS",0.1,1,0.0423387096774194,0.84,50,1,0
9,"Logistic SIS",0.15,1,0.0423387096774194,0.84,50,1,0
9,"Logistic SIS",0.2,1,0.0423387096774194,0.84,50,1,0
9,"Logistic SIS",0.25,1,0.0423387096774194,0.84,50,1,0
10,"mfscreen",0.05,0.875,0.00100806451612903,0.125,8,0,0
10,"mfscreen",0.1,1,0.00100806451612903,0.111111111111111,9,1,0
10,"mfscreen",0.15,1,0.00100806451612903,0.111111111111111,9,1,1
10,"mfscreen",0.2,1,0.00201612903225806,0.2,10,1,1
10,"mfscreen",0.25,1,0.00201612903225806,0.2,10,1,1
10,"Pearson SIS",0.05,1,0.0423387096774194,0.84,50,1,0
10,"Pearson SIS",0.1,1,0.0423387096774194,0.84,50,1,0
10,"Pearson SIS",0.15,1,0.0423387096774194,0.84,50,1,0
10,"Pearson SIS",0.2,1,0.0423387096774194,0.84,50,1,0
10,"Pearson SIS",0.25,1,0.0423387096774194,0.84,50,1,0
10,"Spearman SIS",0.05,1,0.0423387096774194,0.84,50,1,0
10,"Spearman SIS",0.1,1,0.0423387096774194,0.84,50,1,0
10,"Spearman SIS",0.15,1,0.0423387096774194,0.84,50,1,0
10,"Spearman SIS",0.2,1,0.0423387096774194,0.84,50,1,0
10,"Spearman SIS",0.25,1,0.0423387096774194,0.84,50,1,0
10,"Logistic SIS",0.05,1,0.0423387096774194,0.84,50,1,0
10,"Logistic SIS",0.1,1,0.0423387096774194,0.84,50,1,0
10,"Logistic SIS",0.15,1,0.0423387096774194,0.84,50,1,0
10,"Logistic SIS",0.2,1,0.0423387096774194,0.84,50,1,0
10,"Logistic SIS",0.25,1,0.0423387096774194,0.84,50,1,0
11,"mfscreen",0.05,1,0,0,8,1,1
11,"mfscreen",0.1,1,0,0,8,1,1
11,"mfscreen",0.15,1,0,0,8,1,1
11,"mfscreen",0.2,1,0,0,8,1,1
11,"mfscreen",0.25,1,0.00100806451612903,0.111111111111111,9,1,1
11,"Pearson SIS",0.05,1,0.0423387096774194,0.84,50,1,0
11,"Pearson SIS",0.1,1,0.0423387096774194,0.84,50,1,0
11,"Pearson SIS",0.15,1,0.0423387096774194,0.84,50,1,0
11,"Pearson SIS",0.2,1,0.0423387096774194,0.84,50,1,0
11,"Pearson SIS",0.25,1,0.0423387096774194,0.84,50,1,0
11,"Spearman SIS",0.05,1,0.0423387096774194,0.84,50,1,0
11,"Spearman SIS",0.1,1,0.0423387096774194,0.84,50,1,0
11,"Spearman SIS",0.15,1,0.0423387096774194,0.84,50,1,0
11,"Spearman SIS",0.2,1,0.0423387096774194,0.84,50,1,0
11,"Spearman SIS",0.25,1,0.0423387096774194,0.84,50,1,0
11,"Logistic SIS",0.05,1,0.0423387096774194,0.84,50,1,0
11,"Logistic SIS",0.1,1,0.0423387096774194,0.84,50,1,0
11,"Logistic SIS",0.15,1,0.0423387096774194,0.84,50,1,0
11,"Logistic SIS",0.2,1,0.0423387096774194,0.84,50,1,0
11,"Logistic SIS",0.25,1,0.0423387096774194,0.84,50,1,0
12,"mfscreen",0.05,1,0.00100806451612903,0.111111111111111,9,1,0
12,"mfscreen",0.1,1,0.00201612903225806,0.2,10,1,0
12,"mfscreen",0.15,1,0.00403225806451613,0.333333333333333,12,1,0
12,"mfscreen",0.2,1,0.00403225806451613,0.333333333333333,12,1,0
12,"mfscreen",0.25,1,0.00403225806451613,0.333333333333333,12,1,0
12,"Pearson SIS",0.05,1,0.0423387096774194,0.84,50,1,0
12,"Pearson SIS",0.1,1,0.0423387096774194,0.84,50,1,0
12,"Pearson SIS",0.15,1,0.0423387096774194,0.84,50,1,0
12,"Pearson SIS",0.2,1,0.0423387096774194,0.84,50,1,0
12,"Pearson SIS",0.25,1,0.0423387096774194,0.84,50,1,0
12,"Spearman SIS",0.05,1,0.0423387096774194,0.84,50,1,0
12,"Spearman SIS",0.1,1,0.0423387096774194,0.84,50,1,0
12,"Spearman SIS",0.15,1,0.0423387096774194,0.84,50,1,0
12,"Spearman SIS",0.2,1,0.0423387096774194,0.84,50,1,0
12,"Spearman SIS",0.25,1,0.0423387096774194,0.84,50,1,0
12,"Logistic SIS",0.05,1,0.0423387096774194,0.84,50,1,0
12,"Logistic SIS",0.1,1,0.0423387096774194,0.84,50,1,0
12,"Logistic SIS",0.15,1,0.0423387096774194,0.84,50,1,0
12,"Logistic SIS",0.2,1,0.0423387096774194,0.84,50,1,0
12,"Logistic SIS",0.25,1,0.0423387096774194,0.84,50,1,0
13,"mfscreen",0.05,1,0,0,8,1,1
13,"mfscreen",0.1,1,0,0,8,1,1
13,"mfscreen",0.15,1,0,0,8,1,1
13,"mfscreen",0.2,1,0.00100806451612903,0.111111111111111,9,1,1
13,"mfscreen",0.25,1,0.00201612903225806,0.2,10,1,1
13,"Pearson SIS",0.05,1,0.0423387096774194,0.84,50,1,0
13,"Pearson SIS",0.1,1,0.0423387096774194,0.84,50,1,0
13,"Pearson SIS",0.15,1,0.0423387096774194,0.84,50,1,0
13,"Pearson SIS",0.2,1,0.0423387096774194,0.84,50,1,0
13,"Pearson SIS",0.25,1,0.0423387096774194,0.84,50,1,0
13,"Spearman SIS",0.05,1,0.0423387096774194,0.84,50,1,0
13,"Spearman SIS",0.1,1,0.0423387096774194,0.84,50,1,0
13,"Spearman SIS",0.15,1,0.0423387096774194,0.84,50,1,0
13,"Spearman SIS",0.2,1,0.0423387096774194,0.84,50,1,0
13,"Spearman SIS",0.25,1,0.0423387096774194,0.84,50,1,0
13,"Logistic SIS",0.05,1,0.0423387096774194,0.84,50,1,0
13,"Logistic SIS",0.1,1,0.0423387096774194,0.84,50,1,0
13,"Logistic SIS",0.15,1,0.0423387096774194,0.84,50,1,0
13,"Logistic SIS",0.2,1,0.0423387096774194,0.84,50,1,0
13,"Logistic SIS",0.25,1,0.0423387096774194,0.84,50,1,0
14,"mfscreen",0.05,1,0,0,8,1,1
14,"mfscreen",0.1,1,0,0,8,1,1
14,"mfscreen",0.15,1,0,0,8,1,1
14,"mfscreen",0.2,1,0,0,8,1,1
14,"mfscreen",0.25,1,0.00100806451612903,0.111111111111111,9,1,1
14,"Pearson SIS",0.05,1,0.0423387096774194,0.84,50,1,0
14,"Pearson SIS",0.1,1,0.0423387096774194,0.84,50,1,0
14,"Pearson SIS",0.15,1,0.0423387096774194,0.84,50,1,0
14,"Pearson SIS",0.2,1,0.0423387096774194,0.84,50,1,0
14,"Pearson SIS",0.25,1,0.0423387096774194,0.84,50,1,0
14,"Spearman SIS",0.05,1,0.0423387096774194,0.84,50,1,0
14,"Spearman SIS",0.1,1,0.0423387096774194,0.84,50,1,0
14,"Spearman SIS",0.15,1,0.0423387096774194,0.84,50,1,0
14,"Spearman SIS",0.2,1,0.0423387096774194,0.84,50,1,0
14,"Spearman SIS",0.25,1,0.0423387096774194,0.84,50,1,0
14,"Logistic SIS",0.05,1,0.0423387096774194,0.84,50,1,0
14,"Logistic SIS",0.1,1,0.0423387096774194,0.84,50,1,0
14,"Logistic SIS",0.15,1,0.0423387096774194,0.84,50,1,0
14,"Logistic SIS",0.2,1,0.0423387096774194,0.84,50,1,0
14,"Logistic SIS",0.25,1,0.0423387096774194,0.84,50,1,0
15,"mfscreen",0.05,1,0.00100806451612903,0.111111111111111,9,1,0
15,"mfscreen",0.1,1,0.00100806451612903,0.111111111111111,9,1,0
15,"mfscreen",0.15,1,0.00100806451612903,0.111111111111111,9,1,1
15,"mfscreen",0.2,1,0.00100806451612903,0.111111111111111,9,1,1
15,"mfscreen",0.25,1,0.00100806451612903,0.111111111111111,9,1,1
15,"Pearson SIS",0.05,1,0.0423387096774194,0.84,50,1,0
15,"Pearson SIS",0.1,1,0.0423387096774194,0.84,50,1,0
15,"Pearson SIS",0.15,1,0.0423387096774194,0.84,50,1,0
15,"Pearson SIS",0.2,1,0.0423387096774194,0.84,50,1,0
15,"Pearson SIS",0.25,1,0.0423387096774194,0.84,50,1,0
15,"Spearman SIS",0.05,1,0.0423387096774194,0.84,50,1,0
15,"Spearman SIS",0.1,1,0.0423387096774194,0.84,50,1,0
15,"Spearman SIS",0.15,1,0.0423387096774194,0.84,50,1,0
15,"Spearman SIS",0.2,1,0.0423387096774194,0.84,50,1,0
15,"Spearman SIS",0.25,1,0.0423387096774194,0.84,50,1,0
15,"Logistic SIS",0.05,1,0.0423387096774194,0.84,50,1,0
15,"Logistic SIS",0.1,1,0.0423387096774194,0.84,50,1,0
15,"Logistic SIS",0.15,1,0.0423387096774194,0.84,50,1,0
15,"Logistic SIS",0.2,1,0.0423387096774194,0.84,50,1,0
15,"Logistic SIS",0.25,1,0.0423387096774194,0.84,50,1,0
16,"mfscreen",0.05,1,0,0,8,1,1
16,"mfscreen",0.1,1,0,0,8,1,1
16,"mfscreen",0.15,1,0.00201612903225806,0.2,10,1,0
16,"mfscreen",0.2,1,0.00201612903225806,0.2,10,1,1
16,"mfscreen",0.25,1,0.00201612903225806,0.2,10,1,1
16,"Pearson SIS",0.05,1,0.0423387096774194,0.84,50,1,0
16,"Pearson SIS",0.1,1,0.0423387096774194,0.84,50,1,0
16,"Pearson SIS",0.15,1,0.0423387096774194,0.84,50,1,0
16,"Pearson SIS",0.2,1,0.0423387096774194,0.84,50,1,0
16,"Pearson SIS",0.25,1,0.0423387096774194,0.84,50,1,0
16,"Spearman SIS",0.05,1,0.0423387096774194,0.84,50,1,0
16,"Spearman SIS",0.1,1,0.0423387096774194,0.84,50,1,0
16,"Spearman SIS",0.15,1,0.0423387096774194,0.84,50,1,0
16,"Spearman SIS",0.2,1,0.0423387096774194,0.84,50,1,0
16,"Spearman SIS",0.25,1,0.0423387096774194,0.84,50,1,0
16,"Logistic SIS",0.05,1,0.0423387096774194,0.84,50,1,0
16,"Logistic SIS",0.1,1,0.0423387096774194,0.84,50,1,0
16,"Logistic SIS",0.15,1,0.0423387096774194,0.84,50,1,0
16,"Logistic SIS",0.2,1,0.0423387096774194,0.84,50,1,0
16,"Logistic SIS",0.25,1,0.0423387096774194,0.84,50,1,0
17,"mfscreen",0.05,1,0.00100806451612903,0.111111111111111,9,1,0
17,"mfscreen",0.1,1,0.00201612903225806,0.2,10,1,0
17,"mfscreen",0.15,1,0.00201612903225806,0.2,10,1,0
17,"mfscreen",0.2,1,0.00201612903225806,0.2,10,1,1
17,"mfscreen",0.25,1,0.0030241935483871,0.272727272727273,11,1,0
17,"Pearson SIS",0.05,1,0.0423387096774194,0.84,50,1,0
17,"Pearson SIS",0.1,1,0.0423387096774194,0.84,50,1,0
17,"Pearson SIS",0.15,1,0.0423387096774194,0.84,50,1,0
17,"Pearson SIS",0.2,1,0.0423387096774194,0.84,50,1,0
17,"Pearson SIS",0.25,1,0.0423387096774194,0.84,50,1,0
17,"Spearman SIS",0.05,1,0.0423387096774194,0.84,50,1,0
17,"Spearman SIS",0.1,1,0.0423387096774194,0.84,50,1,0
17,"Spearman SIS",0.15,1,0.0423387096774194,0.84,50,1,0
17,"Spearman SIS",0.2,1,0.0423387096774194,0.84,50,1,0
17,"Spearman SIS",0.25,1,0.0423387096774194,0.84,50,1,0
17,"Logistic SIS",0.05,1,0.0423387096774194,0.84,50,1,0
17,"Logistic SIS",0.1,1,0.0423387096774194,0.84,50,1,0
17,"Logistic SIS",0.15,1,0.0423387096774194,0.84,50,1,0
17,"Logistic SIS",0.2,1,0.0423387096774194,0.84,50,1,0
17,"Logistic SIS",0.25,1,0.0423387096774194,0.84,50,1,0
18,"mfscreen",0.05,1,0,0,8,1,1
18,"mfscreen",0.1,1,0,0,8,1,1
18,"mfscreen",0.15,1,0,0,8,1,1
18,"mfscreen",0.2,1,0,0,8,1,1
18,"mfscreen",0.25,1,0,0,8,1,1
18,"Pearson SIS",0.05,1,0.0423387096774194,0.84,50,1,0
18,"Pearson SIS",0.1,1,0.0423387096774194,0.84,50,1,0
18,"Pearson SIS",0.15,1,0.0423387096774194,0.84,50,1,0
18,"Pearson SIS",0.2,1,0.0423387096774194,0.84,50,1,0
18,"Pearson SIS",0.25,1,0.0423387096774194,0.84,50,1,0
18,"Spearman SIS",0.05,1,0.0423387096774194,0.84,50,1,0
18,"Spearman SIS",0.1,1,0.0423387096774194,0.84,50,1,0
18,"Spearman SIS",0.15,1,0.0423387096774194,0.84,50,1,0
18,"Spearman SIS",0.2,1,0.0423387096774194,0.84,50,1,0
18,"Spearman SIS",0.25,1,0.0423387096774194,0.84,50,1,0
18,"Logistic SIS",0.05,1,0.0423387096774194,0.84,50,1,0
18,"Logistic SIS",0.1,1,0.0423387096774194,0.84,50,1,0
18,"Logistic SIS",0.15,1,0.0423387096774194,0.84,50,1,0
18,"Logistic SIS",0.2,1,0.0423387096774194,0.84,50,1,0
18,"Logistic SIS",0.25,1,0.0423387096774194,0.84,50,1,0
19,"mfscreen",0.05,1,0,0,8,1,1
19,"mfscreen",0.1,1,0,0,8,1,1
19,"mfscreen",0.15,1,0.00100806451612903,0.111111111111111,9,1,1
19,"mfscreen",0.2,1,0.0030241935483871,0.272727272727273,11,1,0
19,"mfscreen",0.25,1,0.0030241935483871,0.272727272727273,11,1,0
19,"Pearson SIS",0.05,1,0.0423387096774194,0.84,50,1,0
19,"Pearson SIS",0.1,1,0.0423387096774194,0.84,50,1,0
19,"Pearson SIS",0.15,1,0.0423387096774194,0.84,50,1,0
19,"Pearson SIS",0.2,1,0.0423387096774194,0.84,50,1,0
19,"Pearson SIS",0.25,1,0.0423387096774194,0.84,50,1,0
19,"Spearman SIS",0.05,1,0.0423387096774194,0.84,50,1,0
19,"Spearman SIS",0.1,1,0.0423387096774194,0.84,50,1,0
19,"Spearman SIS",0.15,1,0.0423387096774194,0.84,50,1,0
19,"Spearman SIS",0.2,1,0.0423387096774194,0.84,50,1,0
19,"Spearman SIS",0.25,1,0.0423387096774194,0.84,50,1,0
19,"Logistic SIS",0.05,1,0.0423387096774194,0.84,50,1,0
19,"Logistic SIS",0.1,1,0.0423387096774194,0.84,50,1,0
19,"Logistic SIS",0.15,1,0.0423387096774194,0.84,50,1,0
19,"Logistic SIS",0.2,1,0.0423387096774194,0.84,50,1,0
19,"Logistic SIS",0.25,1,0.0423387096774194,0.84,50,1,0
20,"mfscreen",0.05,0.875,0,0,7,0,1
20,"mfscreen",0.1,0.875,0,0,7,0,1
20,"mfscreen",0.15,0.875,0,0,7,0,1
20,"mfscreen",0.2,0.875,0.00100806451612903,0.125,8,0,1
20,"mfscreen",0.25,0.875,0.00100806451612903,0.125,8,0,1
20,"Pearson SIS",0.05,1,0.0423387096774194,0.84,50,1,0
20,"Pearson SIS",0.1,1,0.0423387096774194,0.84,50,1,0
20,"Pearson SIS",0.15,1,0.0423387096774194,0.84,50,1,0
20,"Pearson SIS",0.2,1,0.0423387096774194,0.84,50,1,0
20,"Pearson SIS",0.25,1,0.0423387096774194,0.84,50,1,0
20,"Spearman SIS",0.05,1,0.0423387096774194,0.84,50,1,0
20,"Spearman SIS",0.1,1,0.0423387096774194,0.84,50,1,0
20,"Spearman SIS",0.15,1,0.0423387096774194,0.84,50,1,0
20,"Spearman SIS",0.2,1,0.0423387096774194,0.84,50,1,0
20,"Spearman SIS",0.25,1,0.0423387096774194,0.84,50,1,0
20,"Logistic SIS",0.05,1,0.0423387096774194,0.84,50,1,0
20,"Logistic SIS",0.1,1,0.0423387096774194,0.84,50,1,0
20,"Logistic SIS",0.15,1,0.0423387096774194,0.84,50,1,0
20,"Logistic SIS",0.2,1,0.0423387096774194,0.84,50,1,0
20,"Logistic SIS",0.25,1,0.0423387096774194,0.84,50,1,0
21,"mfscreen",0.05,1,0,0,8,1,1
21,"mfscreen",0.1,1,0,0,8,1,1
21,"mfscreen",0.15,1,0.00100806451612903,0.111111111111111,9,1,1
21,"mfscreen",0.2,1,0.00100806451612903,0.111111111111111,9,1,1
21,"mfscreen",0.25,1,0.00100806451612903,0.111111111111111,9,1,1
21,"Pearson SIS",0.05,1,0.0423387096774194,0.84,50,1,0
21,"Pearson SIS",0.1,1,0.0423387096774194,0.84,50,1,0
21,"Pearson SIS",0.15,1,0.0423387096774194,0.84,50,1,0
21,"Pearson SIS",0.2,1,0.0423387096774194,0.84,50,1,0
21,"Pearson SIS",0.25,1,0.0423387096774194,0.84,50,1,0
21,"Spearman SIS",0.05,1,0.0423387096774194,0.84,50,1,0
21,"Spearman SIS",0.1,1,0.0423387096774194,0.84,50,1,0
21,"Spearman SIS",0.15,1,0.0423387096774194,0.84,50,1,0
21,"Spearman SIS",0.2,1,0.0423387096774194,0.84,50,1,0
21,"Spearman SIS",0.25,1,0.0423387096774194,0.84,50,1,0
21,"Logistic SIS",0.05,1,0.0423387096774194,0.84,50,1,0
21,"Logistic SIS",0.1,1,0.0423387096774194,0.84,50,1,0
21,"Logistic SIS",0.15,1,0.0423387096774194,0.84,50,1,0
21,"Logistic SIS",0.2,1,0.0423387096774194,0.84,50,1,0
21,"Logistic SIS",0.25,1,0.0423387096774194,0.84,50,1,0
22,"mfscreen",0.05,1,0.00100806451612903,0.111111111111111,9,1,0
22,"mfscreen",0.1,1,0.00100806451612903,0.111111111111111,9,1,0
22,"mfscreen",0.15,1,0.00201612903225806,0.2,10,1,0
22,"mfscreen",0.2,1,0.00201612903225806,0.2,10,1,1
22,"mfscreen",0.25,1,0.00201612903225806,0.2,10,1,1
22,"Pearson SIS",0.05,1,0.0423387096774194,0.84,50,1,0
22,"Pearson SIS",0.1,1,0.0423387096774194,0.84,50,1,0
22,"Pearson SIS",0.15,1,0.0423387096774194,0.84,50,1,0
22,"Pearson SIS",0.2,1,0.0423387096774194,0.84,50,1,0
22,"Pearson SIS",0.25,1,0.0423387096774194,0.84,50,1,0
22,"Spearman SIS",0.05,1,0.0423387096774194,0.84,50,1,0
22,"Spearman SIS",0.1,1,0.0423387096774194,0.84,50,1,0
22,"Spearman SIS",0.15,1,0.0423387096774194,0.84,50,1,0
22,"Spearman SIS",0.2,1,0.0423387096774194,0.84,50,1,0
22,"Spearman SIS",0.25,1,0.0423387096774194,0.84,50,1,0
22,"Logistic SIS",0.05,1,0.0423387096774194,0.84,50,1,0
22,"Logistic SIS",0.1,1,0.0423387096774194,0.84,50,1,0
22,"Logistic SIS",0.15,1,0.0423387096774194,0.84,50,1,0
22,"Logistic SIS",0.2,1,0.0423387096774194,0.84,50,1,0
22,"Logistic SIS",0.25,1,0.0423387096774194,0.84,50,1,0
23,"mfscreen",0.05,1,0.00100806451612903,0.111111111111111,9,1,0
23,"mfscreen",0.1,1,0.00201612903225806,0.2,10,1,0
23,"mfscreen",0.15,1,0.00201612903225806,0.2,10,1,0
23,"mfscreen",0.2,1,0.0030241935483871,0.272727272727273,11,1,0
23,"mfscreen",0.25,1,0.0030241935483871,0.272727272727273,11,1,0
23,"Pearson SIS",0.05,1,0.0423387096774194,0.84,50,1,0
23,"Pearson SIS",0.1,1,0.0423387096774194,0.84,50,1,0
23,"Pearson SIS",0.15,1,0.0423387096774194,0.84,50,1,0
23,"Pearson SIS",0.2,1,0.0423387096774194,0.84,50,1,0
23,"Pearson SIS",0.25,1,0.0423387096774194,0.84,50,1,0
23,"Spearman SIS",0.05,1,0.0423387096774194,0.84,50,1,0
23,"Spearman SIS",0.1,1,0.0423387096774194,0.84,50,1,0
23,"Spearman SIS",0.15,1,0.0423387096774194,0.84,50,1,0
23,"Spearman SIS",0.2,1,0.0423387096774194,0.84,50,1,0
23,"Spearman SIS",0.25,1,0.0423387096774194,0.84,50,1,0
23,"Logistic SIS",0.05,1,0.0423387096774194,0.84,50,1,0
23,"Logistic SIS",0.1,1,0.0423387096774194,0.84,50,1,0
23,"Logistic SIS",0.15,1,0.0423387096774194,0.84,50,1,0
23,"Logistic SIS",0.2,1,0.0423387096774194,0.84,50,1,0
23,"Logistic SIS",0.25,1,0.0423387096774194,0.84,50,1,0
24,"mfscreen",0.05,1,0.00100806451612903,0.111111111111111,9,1,0
24,"mfscreen",0.1,1,0.00100806451612903,0.111111111111111,9,1,0
24,"mfscreen",0.15,1,0.00100806451612903,0.111111111111111,9,1,1
24,"mfscreen",0.2,1,0.00201612903225806,0.2,10,1,1
24,"mfscreen",0.25,1,0.00201612903225806,0.2,10,1,1
24,"Pearson SIS",0.05,1,0.0423387096774194,0.84,50,1,0
24,"Pearson SIS",0.1,1,0.0423387096774194,0.84,50,1,0
24,"Pearson SIS",0.15,1,0.0423387096774194,0.84,50,1,0
24,"Pearson SIS",0.2,1,0.0423387096774194,0.84,50,1,0
24,"Pearson SIS",0.25,1,0.0423387096774194,0.84,50,1,0
24,"Spearman SIS",0.05,1,0.0423387096774194,0.84,50,1,0
24,"Spearman SIS",0.1,1,0.0423387096774194,0.84,50,1,0
24,"Spearman SIS",0.15,1,0.0423387096774194,0.84,50,1,0
24,"Spearman SIS",0.2,1,0.0423387096774194,0.84,50,1,0
24,"Spearman SIS",0.25,1,0.0423387096774194,0.84,50,1,0
24,"Logistic SIS",0.05,1,0.0423387096774194,0.84,50,1,0
24,"Logistic SIS",0.1,1,0.0423387096774194,0.84,50,1,0
24,"Logistic SIS",0.15,1,0.0423387096774194,0.84,50,1,0
24,"Logistic SIS",0.2,1,0.0423387096774194,0.84,50,1,0
24,"Logistic SIS",0.25,1,0.0423387096774194,0.84,50,1,0
25,"mfscreen",0.05,1,0,0,8,1,1
25,"mfscreen",0.1,1,0.00201612903225806,0.2,10,1,0
25,"mfscreen",0.15,1,0.00201612903225806,0.2,10,1,0
25,"mfscreen",0.2,1,0.00201612903225806,0.2,10,1,1
25,"mfscreen",0.25,1,0.0030241935483871,0.272727272727273,11,1,0
25,"Pearson SIS",0.05,1,0.0423387096774194,0.84,50,1,0
25,"Pearson SIS",0.1,1,0.0423387096774194,0.84,50,1,0
25,"Pearson SIS",0.15,1,0.0423387096774194,0.84,50,1,0
25,"Pearson SIS",0.2,1,0.0423387096774194,0.84,50,1,0
25,"Pearson SIS",0.25,1,0.0423387096774194,0.84,50,1,0
25,"Spearman SIS",0.05,1,0.0423387096774194,0.84,50,1,0
25,"Spearman SIS",0.1,1,0.0423387096774194,0.84,50,1,0
25,"Spearman SIS",0.15,1,0.0423387096774194,0.84,50,1,0
25,"Spearman SIS",0.2,1,0.0423387096774194,0.84,50,1,0
25,"Spearman SIS",0.25,1,0.0423387096774194,0.84,50,1,0
25,"Logistic SIS",0.05,1,0.0423387096774194,0.84,50,1,0
25,"Logistic SIS",0.1,1,0.0423387096774194,0.84,50,1,0
25,"Logistic SIS",0.15,1,0.0423387096774194,0.84,50,1,0
25,"Logistic SIS",0.2,1,0.0423387096774194,0.84,50,1,0
25,"Logistic SIS",0.25,1,0.0423387096774194,0.84,50,1,0
26,"mfscreen",0.05,1,0,0,8,1,1
26,"mfscreen",0.1,1,0,0,8,1,1
26,"mfscreen",0.15,1,0.00100806451612903,0.111111111111111,9,1,1
26,"mfscreen",0.2,1,0.00100806451612903,0.111111111111111,9,1,1
26,"mfscreen",0.25,1,0.00100806451612903,0.111111111111111,9,1,1
26,"Pearson SIS",0.05,1,0.0423387096774194,0.84,50,1,0
26,"Pearson SIS",0.1,1,0.0423387096774194,0.84,50,1,0
26,"Pearson SIS",0.15,1,0.0423387096774194,0.84,50,1,0
26,"Pearson SIS",0.2,1,0.0423387096774194,0.84,50,1,0
26,"Pearson SIS",0.25,1,0.0423387096774194,0.84,50,1,0
26,"Spearman SIS",0.05,1,0.0423387096774194,0.84,50,1,0
26,"Spearman SIS",0.1,1,0.0423387096774194,0.84,50,1,0
26,"Spearman SIS",0.15,1,0.0423387096774194,0.84,50,1,0
26,"Spearman SIS",0.2,1,0.0423387096774194,0.84,50,1,0
26,"Spearman SIS",0.25,1,0.0423387096774194,0.84,50,1,0
26,"Logistic SIS",0.05,1,0.0423387096774194,0.84,50,1,0
26,"Logistic SIS",0.1,1,0.0423387096774194,0.84,50,1,0
26,"Logistic SIS",0.15,1,0.0423387096774194,0.84,50,1,0
26,"Logistic SIS",0.2,1,0.0423387096774194,0.84,50,1,0
26,"Logistic SIS",0.25,1,0.0423387096774194,0.84,50,1,0
27,"mfscreen",0.05,0.875,0,0,7,0,1
27,"mfscreen",0.1,0.875,0,0,7,0,1
27,"mfscreen",0.15,1,0.00100806451612903,0.111111111111111,9,1,1
27,"mfscreen",0.2,1,0.00100806451612903,0.111111111111111,9,1,1
27,"mfscreen",0.25,1,0.00100806451612903,0.111111111111111,9,1,1
27,"Pearson SIS",0.05,1,0.0423387096774194,0.84,50,1,0
27,"Pearson SIS",0.1,1,0.0423387096774194,0.84,50,1,0
27,"Pearson SIS",0.15,1,0.0423387096774194,0.84,50,1,0
27,"Pearson SIS",0.2,1,0.0423387096774194,0.84,50,1,0
27,"Pearson SIS",0.25,1,0.0423387096774194,0.84,50,1,0
27,"Spearman SIS",0.05,1,0.0423387096774194,0.84,50,1,0
27,"Spearman SIS",0.1,1,0.0423387096774194,0.84,50,1,0
27,"Spearman SIS",0.15,1,0.0423387096774194,0.84,50,1,0
27,"Spearman SIS",0.2,1,0.0423387096774194,0.84,50,1,0
27,"Spearman SIS",0.25,1,0.0423387096774194,0.84,50,1,0
27,"Logistic SIS",0.05,1,0.0423387096774194,0.84,50,1,0
27,"Logistic SIS",0.1,1,0.0423387096774194,0.84,50,1,0
27,"Logistic SIS",0.15,1,0.0423387096774194,0.84,50,1,0
27,"Logistic SIS",0.2,1,0.0423387096774194,0.84,50,1,0
27,"Logistic SIS",0.25,1,0.0423387096774194,0.84,50,1,0
28,"mfscreen",0.05,1,0,0,8,1,1
28,"mfscreen",0.1,1,0,0,8,1,1
28,"mfscreen",0.15,1,0,0,8,1,1
28,"mfscreen",0.2,1,0.0030241935483871,0.272727272727273,11,1,0
28,"mfscreen",0.25,1,0.0030241935483871,0.272727272727273,11,1,0
28,"Pearson SIS",0.05,1,0.0423387096774194,0.84,50,1,0
28,"Pearson SIS",0.1,1,0.0423387096774194,0.84,50,1,0
28,"Pearson SIS",0.15,1,0.0423387096774194,0.84,50,1,0
28,"Pearson SIS",0.2,1,0.0423387096774194,0.84,50,1,0
28,"Pearson SIS",0.25,1,0.0423387096774194,0.84,50,1,0
28,"Spearman SIS",0.05,1,0.0423387096774194,0.84,50,1,0
28,"Spearman SIS",0.1,1,0.0423387096774194,0.84,50,1,0
28,"Spearman SIS",0.15,1,0.0423387096774194,0.84,50,1,0
28,"Spearman SIS",0.2,1,0.0423387096774194,0.84,50,1,0
28,"Spearman SIS",0.25,1,0.0423387096774194,0.84,50,1,0
28,"Logistic SIS",0.05,1,0.0423387096774194,0.84,50,1,0
28,"Logistic SIS",0.1,1,0.0423387096774194,0.84,50,1,0
28,"Logistic SIS",0.15,1,0.0423387096774194,0.84,50,1,0
28,"Logistic SIS",0.2,1,0.0423387096774194,0.84,50,1,0
28,"Logistic SIS",0.25,1,0.0423387096774194,0.84,50,1,0
29,"mfscreen",0.05,1,0.00100806451612903,0.111111111111111,9,1,0
29,"mfscreen",0.1,1,0.00100806451612903,0.111111111111111,9,1,0
29,"mfscreen",0.15,1,0.00100806451612903,0.111111111111111,9,1,1
29,"mfscreen",0.2,1,0.00100806451612903,0.111111111111111,9,1,1
29,"mfscreen",0.25,1,0.00100806451612903,0.111111111111111,9,1,1
29,"Pearson SIS",0.05,1,0.0423387096774194,0.84,50,1,0
29,"Pearson SIS",0.1,1,0.0423387096774194,0.84,50,1,0
29,"Pearson SIS",0.15,1,0.0423387096774194,0.84,50,1,0
29,"Pearson SIS",0.2,1,0.0423387096774194,0.84,50,1,0
29,"Pearson SIS",0.25,1,0.0423387096774194,0.84,50,1,0
29,"Spearman SIS",0.05,1,0.0423387096774194,0.84,50,1,0
29,"Spearman SIS",0.1,1,0.0423387096774194,0.84,50,1,0
29,"Spearman SIS",0.15,1,0.0423387096774194,0.84,50,1,0
29,"Spearman SIS",0.2,1,0.0423387096774194,0.84,50,1,0
29,"Spearman SIS",0.25,1,0.0423387096774194,0.84,50,1,0
29,"Logistic SIS",0.05,1,0.0423387096774194,0.84,50,1,0
29,"Logistic SIS",0.1,1,0.0423387096774194,0.84,50,1,0
29,"Logistic SIS",0.15,1,0.0423387096774194,0.84,50,1,0
29,"Logistic SIS",0.2,1,0.0423387096774194,0.84,50,1,0
29,"Logistic SIS",0.25,1,0.0423387096774194,0.84,50,1,0
30,"mfscreen",0.05,1,0,0,8,1,1
30,"mfscreen",0.1,1,0.00100806451612903,0.111111111111111,9,1,0
30,"mfscreen",0.15,1,0.00100806451612903,0.111111111111111,9,1,1
30,"mfscreen",0.2,1,0.00201612903225806,0.2,10,1,1
30,"mfscreen",0.25,1,0.0030241935483871,0.272727272727273,11,1,0
30,"Pearson SIS",0.05,1,0.0423387096774194,0.84,50,1,0
30,"Pearson SIS",0.1,1,0.0423387096774194,0.84,50,1,0
30,"Pearson SIS",0.15,1,0.0423387096774194,0.84,50,1,0
30,"Pearson SIS",0.2,1,0.0423387096774194,0.84,50,1,0
30,"Pearson SIS",0.25,1,0.0423387096774194,0.84,50,1,0
30,"Spearman SIS",0.05,1,0.0423387096774194,0.84,50,1,0
30,"Spearman SIS",0.1,1,0.0423387096774194,0.84,50,1,0
30,"Spearman SIS",0.15,1,0.0423387096774194,0.84,50,1,0
30,"Spearman SIS",0.2,1,0.0423387096774194,0.84,50,1,0
30,"Spearman SIS",0.25,1,0.0423387096774194,0.84,50,1,0
30,"Logistic SIS",0.05,1,0.0423387096774194,0.84,50,1,0
30,"Logistic SIS",0.1,1,0.0423387096774194,0.84,50,1,0
30,"Logistic SIS",0.15,1,0.0423387096774194,0.84,50,1,0
30,"Logistic SIS",0.2,1,0.0423387096774194,0.84,50,1,0
30,"Logistic SIS",0.25,1,0.0423387096774194,0.84,50,1,0
31,"mfscreen",0.05,1,0.00100806451612903,0.111111111111111,9,1,0
31,"mfscreen",0.1,1,0.00100806451612903,0.111111111111111,9,1,0
31,"mfscreen",0.15,1,0.00201612903225806,0.2,10,1,0
31,"mfscreen",0.2,1,0.00403225806451613,0.333333333333333,12,1,0
31,"mfscreen",0.25,1,0.00403225806451613,0.333333333333333,12,1,0
31,"Pearson SIS",0.05,1,0.0423387096774194,0.84,50,1,0
31,"Pearson SIS",0.1,1,0.0423387096774194,0.84,50,1,0
31,"Pearson SIS",0.15,1,0.0423387096774194,0.84,50,1,0
31,"Pearson SIS",0.2,1,0.0423387096774194,0.84,50,1,0
31,"Pearson SIS",0.25,1,0.0423387096774194,0.84,50,1,0
31,"Spearman SIS",0.05,1,0.0423387096774194,0.84,50,1,0
31,"Spearman SIS",0.1,1,0.0423387096774194,0.84,50,1,0
31,"Spearman SIS",0.15,1,0.0423387096774194,0.84,50,1,0
31,"Spearman SIS",0.2,1,0.0423387096774194,0.84,50,1,0
31,"Spearman SIS",0.25,1,0.0423387096774194,0.84,50,1,0
31,"Logistic SIS",0.05,1,0.0423387096774194,0.84,50,1,0
31,"Logistic SIS",0.1,1,0.0423387096774194,0.84,50,1,0
31,"Logistic SIS",0.15,1,0.0423387096774194,0.84,50,1,0
31,"Logistic SIS",0.2,1,0.0423387096774194,0.84,50,1,0
31,"Logistic SIS",0.25,1,0.0423387096774194,0.84,50,1,0
32,"mfscreen",0.05,1,0.00100806451612903,0.111111111111111,9,1,0
32,"mfscreen",0.1,1,0.00100806451612903,0.111111111111111,9,1,0
32,"mfscreen",0.15,1,0.00100806451612903,0.111111111111111,9,1,1
32,"mfscreen",0.2,1,0.00100806451612903,0.111111111111111,9,1,1
32,"mfscreen",0.25,1,0.00201612903225806,0.2,10,1,1
32,"Pearson SIS",0.05,1,0.0423387096774194,0.84,50,1,0
32,"Pearson SIS",0.1,1,0.0423387096774194,0.84,50,1,0
32,"Pearson SIS",0.15,1,0.0423387096774194,0.84,50,1,0
32,"Pearson SIS",0.2,1,0.0423387096774194,0.84,50,1,0
32,"Pearson SIS",0.25,1,0.0423387096774194,0.84,50,1,0
32,"Spearman SIS",0.05,1,0.0423387096774194,0.84,50,1,0
32,"Spearman SIS",0.1,1,0.0423387096774194,0.84,50,1,0
32,"Spearman SIS",0.15,1,0.0423387096774194,0.84,50,1,0
32,"Spearman SIS",0.2,1,0.0423387096774194,0.84,50,1,0
32,"Spearman SIS",0.25,1,0.0423387096774194,0.84,50,1,0
32,"Logistic SIS",0.05,1,0.0423387096774194,0.84,50,1,0
32,"Logistic SIS",0.1,1,0.0423387096774194,0.84,50,1,0
32,"Logistic SIS",0.15,1,0.0423387096774194,0.84,50,1,0
32,"Logistic SIS",0.2,1,0.0423387096774194,0.84,50,1,0
32,"Logistic SIS",0.25,1,0.0423387096774194,0.84,50,1,0
33,"mfscreen",0.05,1,0,0,8,1,1
33,"mfscreen",0.1,1,0,0,8,1,1
33,"mfscreen",0.15,1,0,0,8,1,1
33,"mfscreen",0.2,1,0,0,8,1,1
33,"mfscreen",0.25,1,0.00100806451612903,0.111111111111111,9,1,1
33,"Pearson SIS",0.05,1,0.0423387096774194,0.84,50,1,0
33,"Pearson SIS",0.1,1,0.0423387096774194,0.84,50,1,0
33,"Pearson SIS",0.15,1,0.0423387096774194,0.84,50,1,0
33,"Pearson SIS",0.2,1,0.0423387096774194,0.84,50,1,0
33,"Pearson SIS",0.25,1,0.0423387096774194,0.84,50,1,0
33,"Spearman SIS",0.05,1,0.0423387096774194,0.84,50,1,0
33,"Spearman SIS",0.1,1,0.0423387096774194,0.84,50,1,0
33,"Spearman SIS",0.15,1,0.0423387096774194,0.84,50,1,0
33,"Spearman SIS",0.2,1,0.0423387096774194,0.84,50,1,0
33,"Spearman SIS",0.25,1,0.0423387096774194,0.84,50,1,0
33,"Logistic SIS",0.05,1,0.0423387096774194,0.84,50,1,0
33,"Logistic SIS",0.1,1,0.0423387096774194,0.84,50,1,0
33,"Logistic SIS",0.15,1,0.0423387096774194,0.84,50,1,0
33,"Logistic SIS",0.2,1,0.0423387096774194,0.84,50,1,0
33,"Logistic SIS",0.25,1,0.0423387096774194,0.84,50,1,0
34,"mfscreen",0.05,1,0,0,8,1,1
34,"mfscreen",0.1,1,0,0,8,1,1
34,"mfscreen",0.15,1,0.00100806451612903,0.111111111111111,9,1,1
34,"mfscreen",0.2,1,0.00100806451612903,0.111111111111111,9,1,1
34,"mfscreen",0.25,1,0.00100806451612903,0.111111111111111,9,1,1
34,"Pearson SIS",0.05,1,0.0423387096774194,0.84,50,1,0
34,"Pearson SIS",0.1,1,0.0423387096774194,0.84,50,1,0
34,"Pearson SIS",0.15,1,0.0423387096774194,0.84,50,1,0
34,"Pearson SIS",0.2,1,0.0423387096774194,0.84,50,1,0
34,"Pearson SIS",0.25,1,0.0423387096774194,0.84,50,1,0
34,"Spearman SIS",0.05,1,0.0423387096774194,0.84,50,1,0
34,"Spearman SIS",0.1,1,0.0423387096774194,0.84,50,1,0
34,"Spearman SIS",0.15,1,0.0423387096774194,0.84,50,1,0
34,"Spearman SIS",0.2,1,0.0423387096774194,0.84,50,1,0
34,"Spearman SIS",0.25,1,0.0423387096774194,0.84,50,1,0
34,"Logistic SIS",0.05,1,0.0423387096774194,0.84,50,1,0
34,"Logistic SIS",0.1,1,0.0423387096774194,0.84,50,1,0
34,"Logistic SIS",0.15,1,0.0423387096774194,0.84,50,1,0
34,"Logistic SIS",0.2,1,0.0423387096774194,0.84,50,1,0
34,"Logistic SIS",0.25,1,0.0423387096774194,0.84,50,1,0
35,"mfscreen",0.05,1,0.00100806451612903,0.111111111111111,9,1,0
35,"mfscreen",0.1,1,0.00100806451612903,0.111111111111111,9,1,0
35,"mfscreen",0.15,1,0.00100806451612903,0.111111111111111,9,1,1
35,"mfscreen",0.2,1,0.00100806451612903,0.111111111111111,9,1,1
35,"mfscreen",0.25,1,0.00201612903225806,0.2,10,1,1
35,"Pearson SIS",0.05,1,0.0423387096774194,0.84,50,1,0
35,"Pearson SIS",0.1,1,0.0423387096774194,0.84,50,1,0
35,"Pearson SIS",0.15,1,0.0423387096774194,0.84,50,1,0
35,"Pearson SIS",0.2,1,0.0423387096774194,0.84,50,1,0
35,"Pearson SIS",0.25,1,0.0423387096774194,0.84,50,1,0
35,"Spearman SIS",0.05,1,0.0423387096774194,0.84,50,1,0
35,"Spearman SIS",0.1,1,0.0423387096774194,0.84,50,1,0
35,"Spearman SIS",0.15,1,0.0423387096774194,0.84,50,1,0
35,"Spearman SIS",0.2,1,0.0423387096774194,0.84,50,1,0
35,"Spearman SIS",0.25,1,0.0423387096774194,0.84,50,1,0
35,"Logistic SIS",0.05,1,0.0423387096774194,0.84,50,1,0
35,"Logistic SIS",0.1,1,0.0423387096774194,0.84,50,1,0
35,"Logistic SIS",0.15,1,0.0423387096774194,0.84,50,1,0
35,"Logistic SIS",0.2,1,0.0423387096774194,0.84,50,1,0
35,"Logistic SIS",0.25,1,0.0423387096774194,0.84,50,1,0
36,"mfscreen",0.05,0.875,0,0,7,0,1
36,"mfscreen",0.1,1,0,0,8,1,1
36,"mfscreen",0.15,1,0,0,8,1,1
36,"mfscreen",0.2,1,0,0,8,1,1
36,"mfscreen",0.25,1,0,0,8,1,1
36,"Pearson SIS",0.05,1,0.0423387096774194,0.84,50,1,0
36,"Pearson SIS",0.1,1,0.0423387096774194,0.84,50,1,0
36,"Pearson SIS",0.15,1,0.0423387096774194,0.84,50,1,0
36,"Pearson SIS",0.2,1,0.0423387096774194,0.84,50,1,0
36,"Pearson SIS",0.25,1,0.0423387096774194,0.84,50,1,0
36,"Spearman SIS",0.05,1,0.0423387096774194,0.84,50,1,0
36,"Spearman SIS",0.1,1,0.0423387096774194,0.84,50,1,0
36,"Spearman SIS",0.15,1,0.0423387096774194,0.84,50,1,0
36,"Spearman SIS",0.2,1,0.0423387096774194,0.84,50,1,0
36,"Spearman SIS",0.25,1,0.0423387096774194,0.84,50,1,0
36,"Logistic SIS",0.05,1,0.0423387096774194,0.84,50,1,0
36,"Logistic SIS",0.1,1,0.0423387096774194,0.84,50,1,0
36,"Logistic SIS",0.15,1,0.0423387096774194,0.84,50,1,0
36,"Logistic SIS",0.2,1,0.0423387096774194,0.84,50,1,0
36,"Logistic SIS",0.25,1,0.0423387096774194,0.84,50,1,0
37,"mfscreen",0.05,1,0.00100806451612903,0.111111111111111,9,1,0
37,"mfscreen",0.1,1,0.00100806451612903,0.111111111111111,9,1,0
37,"mfscreen",0.15,1,0.00201612903225806,0.2,10,1,0
37,"mfscreen",0.2,1,0.00201612903225806,0.2,10,1,1
37,"mfscreen",0.25,1,0.0030241935483871,0.272727272727273,11,1,0
37,"Pearson SIS",0.05,1,0.0423387096774194,0.84,50,1,0
37,"Pearson SIS",0.1,1,0.0423387096774194,0.84,50,1,0
37,"Pearson SIS",0.15,1,0.0423387096774194,0.84,50,1,0
37,"Pearson SIS",0.2,1,0.0423387096774194,0.84,50,1,0
37,"Pearson SIS",0.25,1,0.0423387096774194,0.84,50,1,0
37,"Spearman SIS",0.05,1,0.0423387096774194,0.84,50,1,0
37,"Spearman SIS",0.1,1,0.0423387096774194,0.84,50,1,0
37,"Spearman SIS",0.15,1,0.0423387096774194,0.84,50,1,0
37,"Spearman SIS",0.2,1,0.0423387096774194,0.84,50,1,0
37,"Spearman SIS",0.25,1,0.0423387096774194,0.84,50,1,0
37,"Logistic SIS",0.05,1,0.0423387096774194,0.84,50,1,0
37,"Logistic SIS",0.1,1,0.0423387096774194,0.84,50,1,0
37,"Logistic SIS",0.15,1,0.0423387096774194,0.84,50,1,0
37,"Logistic SIS",0.2,1,0.0423387096774194,0.84,50,1,0
37,"Logistic SIS",0.25,1,0.0423387096774194,0.84,50,1,0
38,"mfscreen",0.05,1,0,0,8,1,1
38,"mfscreen",0.1,1,0.00100806451612903,0.111111111111111,9,1,0
38,"mfscreen",0.15,1,0.00201612903225806,0.2,10,1,0
38,"mfscreen",0.2,1,0.00201612903225806,0.2,10,1,1
38,"mfscreen",0.25,1,0.00201612903225806,0.2,10,1,1
38,"Pearson SIS",0.05,1,0.0423387096774194,0.84,50,1,0
38,"Pearson SIS",0.1,1,0.0423387096774194,0.84,50,1,0
38,"Pearson SIS",0.15,1,0.0423387096774194,0.84,50,1,0
38,"Pearson SIS",0.2,1,0.0423387096774194,0.84,50,1,0
38,"Pearson SIS",0.25,1,0.0423387096774194,0.84,50,1,0
38,"Spearman SIS",0.05,1,0.0423387096774194,0.84,50,1,0
38,"Spearman SIS",0.1,1,0.0423387096774194,0.84,50,1,0
38,"Spearman SIS",0.15,1,0.0423387096774194,0.84,50,1,0
38,"Spearman SIS",0.2,1,0.0423387096774194,0.84,50,1,0
38,"Spearman SIS",0.25,1,0.0423387096774194,0.84,50,1,0
38,"Logistic SIS",0.05,1,0.0423387096774194,0.84,50,1,0
38,"Logistic SIS",0.1,1,0.0423387096774194,0.84,50,1,0
38,"Logistic SIS",0.15,1,0.0423387096774194,0.84,50,1,0
38,"Logistic SIS",0.2,1,0.0423387096774194,0.84,50,1,0
38,"Logistic SIS",0.25,1,0.0423387096774194,0.84,50,1,0
39,"mfscreen",0.05,1,0,0,8,1,1
39,"mfscreen",0.1,1,0,0,8,1,1
39,"mfscreen",0.15,1,0,0,8,1,1
39,"mfscreen",0.2,1,0.00100806451612903,0.111111111111111,9,1,1
39,"mfscreen",0.25,1,0.00100806451612903,0.111111111111111,9,1,1
39,"Pearson SIS",0.05,1,0.0423387096774194,0.84,50,1,0
39,"Pearson SIS",0.1,1,0.0423387096774194,0.84,50,1,0
39,"Pearson SIS",0.15,1,0.0423387096774194,0.84,50,1,0
39,"Pearson SIS",0.2,1,0.0423387096774194,0.84,50,1,0
39,"Pearson SIS",0.25,1,0.0423387096774194,0.84,50,1,0
39,"Spearman SIS",0.05,1,0.0423387096774194,0.84,50,1,0
39,"Spearman SIS",0.1,1,0.0423387096774194,0.84,50,1,0
39,"Spearman SIS",0.15,1,0.0423387096774194,0.84,50,1,0
39,"Spearman SIS",0.2,1,0.0423387096774194,0.84,50,1,0
39,"Spearman SIS",0.25,1,0.0423387096774194,0.84,50,1,0
39,"Logistic SIS",0.05,1,0.0423387096774194,0.84,50,1,0
39,"Logistic SIS",0.1,1,0.0423387096774194,0.84,50,1,0
39,"Logistic SIS",0.15,1,0.0423387096774194,0.84,50,1,0
39,"Logistic SIS",0.2,1,0.0423387096774194,0.84,50,1,0
39,"Logistic SIS",0.25,1,0.0423387096774194,0.84,50,1,0
40,"mfscreen",0.05,1,0.00100806451612903,0.111111111111111,9,1,0
40,"mfscreen",0.1,1,0.00100806451612903,0.111111111111111,9,1,0
40,"mfscreen",0.15,1,0.00100806451612903,0.111111111111111,9,1,1
40,"mfscreen",0.2,1,0.00100806451612903,0.111111111111111,9,1,1
40,"mfscreen",0.25,1,0.00201612903225806,0.2,10,1,1
40,"Pearson SIS",0.05,1,0.0423387096774194,0.84,50,1,0
40,"Pearson SIS",0.1,1,0.0423387096774194,0.84,50,1,0
40,"Pearson SIS",0.15,1,0.0423387096774194,0.84,50,1,0
40,"Pearson SIS",0.2,1,0.0423387096774194,0.84,50,1,0
40,"Pearson SIS",0.25,1,0.0423387096774194,0.84,50,1,0
40,"Spearman SIS",0.05,1,0.0423387096774194,0.84,50,1,0
40,"Spearman SIS",0.1,1,0.0423387096774194,0.84,50,1,0
40,"Spearman SIS",0.15,1,0.0423387096774194,0.84,50,1,0
40,"Spearman SIS",0.2,1,0.0423387096774194,0.84,50,1,0
40,"Spearman SIS",0.25,1,0.0423387096774194,0.84,50,1,0
40,"Logistic SIS",0.05,1,0.0423387096774194,0.84,50,1,0
40,"Logistic SIS",0.1,1,0.0423387096774194,0.84,50,1,0
40,"Logistic SIS",0.15,1,0.0423387096774194,0.84,50,1,0
40,"Logistic SIS",0.2,1,0.0423387096774194,0.84,50,1,0
40,"Logistic SIS",0.25,1,0.0423387096774194,0.84,50,1,0
41,"mfscreen",0.05,1,0.00100806451612903,0.111111111111111,9,1,0
41,"mfscreen",0.1,1,0.00100806451612903,0.111111111111111,9,1,0
41,"mfscreen",0.15,1,0.00201612903225806,0.2,10,1,0
41,"mfscreen",0.2,1,0.00201612903225806,0.2,10,1,1
41,"mfscreen",0.25,1,0.0030241935483871,0.272727272727273,11,1,0
41,"Pearson SIS",0.05,1,0.0423387096774194,0.84,50,1,0
41,"Pearson SIS",0.1,1,0.0423387096774194,0.84,50,1,0
41,"Pearson SIS",0.15,1,0.0423387096774194,0.84,50,1,0
41,"Pearson SIS",0.2,1,0.0423387096774194,0.84,50,1,0
41,"Pearson SIS",0.25,1,0.0423387096774194,0.84,50,1,0
41,"Spearman SIS",0.05,1,0.0423387096774194,0.84,50,1,0
41,"Spearman SIS",0.1,1,0.0423387096774194,0.84,50,1,0
41,"Spearman SIS",0.15,1,0.0423387096774194,0.84,50,1,0
41,"Spearman SIS",0.2,1,0.0423387096774194,0.84,50,1,0
41,"Spearman SIS",0.25,1,0.0423387096774194,0.84,50,1,0
41,"Logistic SIS",0.05,1,0.0423387096774194,0.84,50,1,0
41,"Logistic SIS",0.1,1,0.0423387096774194,0.84,50,1,0
41,"Logistic SIS",0.15,1,0.0423387096774194,0.84,50,1,0
41,"Logistic SIS",0.2,1,0.0423387096774194,0.84,50,1,0
41,"Logistic SIS",0.25,1,0.0423387096774194,0.84,50,1,0
42,"mfscreen",0.05,1,0,0,8,1,1
42,"mfscreen",0.1,1,0,0,8,1,1
42,"mfscreen",0.15,1,0.00100806451612903,0.111111111111111,9,1,1
42,"mfscreen",0.2,1,0.00100806451612903,0.111111111111111,9,1,1
42,"mfscreen",0.25,1,0.00100806451612903,0.111111111111111,9,1,1
42,"Pearson SIS",0.05,1,0.0423387096774194,0.84,50,1,0
42,"Pearson SIS",0.1,1,0.0423387096774194,0.84,50,1,0
42,"Pearson SIS",0.15,1,0.0423387096774194,0.84,50,1,0
42,"Pearson SIS",0.2,1,0.0423387096774194,0.84,50,1,0
42,"Pearson SIS",0.25,1,0.0423387096774194,0.84,50,1,0
42,"Spearman SIS",0.05,1,0.0423387096774194,0.84,50,1,0
42,"Spearman SIS",0.1,1,0.0423387096774194,0.84,50,1,0
42,"Spearman SIS",0.15,1,0.0423387096774194,0.84,50,1,0
42,"Spearman SIS",0.2,1,0.0423387096774194,0.84,50,1,0
42,"Spearman SIS",0.25,1,0.0423387096774194,0.84,50,1,0
42,"Logistic SIS",0.05,1,0.0423387096774194,0.84,50,1,0
42,"Logistic SIS",0.1,1,0.0423387096774194,0.84,50,1,0
42,"Logistic SIS",0.15,1,0.0423387096774194,0.84,50,1,0
42,"Logistic SIS",0.2,1,0.0423387096774194,0.84,50,1,0
42,"Logistic SIS",0.25,1,0.0423387096774194,0.84,50,1,0
43,"mfscreen",0.05,1,0,0,8,1,1
43,"mfscreen",0.1,1,0.00201612903225806,0.2,10,1,0
43,"mfscreen",0.15,1,0.00201612903225806,0.2,10,1,0
43,"mfscreen",0.2,1,0.00201612903225806,0.2,10,1,1
43,"mfscreen",0.25,1,0.00201612903225806,0.2,10,1,1
43,"Pearson SIS",0.05,1,0.0423387096774194,0.84,50,1,0
43,"Pearson SIS",0.1,1,0.0423387096774194,0.84,50,1,0
43,"Pearson SIS",0.15,1,0.0423387096774194,0.84,50,1,0
43,"Pearson SIS",0.2,1,0.0423387096774194,0.84,50,1,0
43,"Pearson SIS",0.25,1,0.0423387096774194,0.84,50,1,0
43,"Spearman SIS",0.05,1,0.0423387096774194,0.84,50,1,0
43,"Spearman SIS",0.1,1,0.0423387096774194,0.84,50,1,0
43,"Spearman SIS",0.15,1,0.0423387096774194,0.84,50,1,0
43,"Spearman SIS",0.2,1,0.0423387096774194,0.84,50,1,0
43,"Spearman SIS",0.25,1,0.0423387096774194,0.84,50,1,0
43,"Logistic SIS",0.05,1,0.0423387096774194,0.84,50,1,0
43,"Logistic SIS",0.1,1,0.0423387096774194,0.84,50,1,0
43,"Logistic SIS",0.15,1,0.0423387096774194,0.84,50,1,0
43,"Logistic SIS",0.2,1,0.0423387096774194,0.84,50,1,0
43,"Logistic SIS",0.25,1,0.0423387096774194,0.84,50,1,0
44,"mfscreen",0.05,1,0.00100806451612903,0.111111111111111,9,1,0
44,"mfscreen",0.1,1,0.0030241935483871,0.272727272727273,11,1,0
44,"mfscreen",0.15,1,0.0030241935483871,0.272727272727273,11,1,0
44,"mfscreen",0.2,1,0.00403225806451613,0.333333333333333,12,1,0
44,"mfscreen",0.25,1,0.00403225806451613,0.333333333333333,12,1,0
44,"Pearson SIS",0.05,1,0.0423387096774194,0.84,50,1,0
44,"Pearson SIS",0.1,1,0.0423387096774194,0.84,50,1,0
44,"Pearson SIS",0.15,1,0.0423387096774194,0.84,50,1,0
44,"Pearson SIS",0.2,1,0.0423387096774194,0.84,50,1,0
44,"Pearson SIS",0.25,1,0.0423387096774194,0.84,50,1,0
44,"Spearman SIS",0.05,1,0.0423387096774194,0.84,50,1,0
44,"Spearman SIS",0.1,1,0.0423387096774194,0.84,50,1,0
44,"Spearman SIS",0.15,1,0.0423387096774194,0.84,50,1,0
44,"Spearman SIS",0.2,1,0.0423387096774194,0.84,50,1,0
44,"Spearman SIS",0.25,1,0.0423387096774194,0.84,50,1,0
44,"Logistic SIS",0.05,1,0.0423387096774194,0.84,50,1,0
44,"Logistic SIS",0.1,1,0.0423387096774194,0.84,50,1,0
44,"Logistic SIS",0.15,1,0.0423387096774194,0.84,50,1,0
44,"Logistic SIS",0.2,1,0.0423387096774194,0.84,50,1,0
44,"Logistic SIS",0.25,1,0.0423387096774194,0.84,50,1,0
45,"mfscreen",0.05,1,0,0,8,1,1
45,"mfscreen",0.1,1,0,0,8,1,1
45,"mfscreen",0.15,1,0,0,8,1,1
45,"mfscreen",0.2,1,0,0,8,1,1
45,"mfscreen",0.25,1,0.00100806451612903,0.111111111111111,9,1,1
45,"Pearson SIS",0.05,1,0.0423387096774194,0.84,50,1,0
45,"Pearson SIS",0.1,1,0.0423387096774194,0.84,50,1,0
45,"Pearson SIS",0.15,1,0.0423387096774194,0.84,50,1,0
45,"Pearson SIS",0.2,1,0.0423387096774194,0.84,50,1,0
45,"Pearson SIS",0.25,1,0.0423387096774194,0.84,50,1,0
45,"Spearman SIS",0.05,1,0.0423387096774194,0.84,50,1,0
45,"Spearman SIS",0.1,1,0.0423387096774194,0.84,50,1,0
45,"Spearman SIS",0.15,1,0.0423387096774194,0.84,50,1,0
45,"Spearman SIS",0.2,1,0.0423387096774194,0.84,50,1,0
45,"Spearman SIS",0.25,1,0.0423387096774194,0.84,50,1,0
45,"Logistic SIS",0.05,1,0.0423387096774194,0.84,50,1,0
45,"Logistic SIS",0.1,1,0.0423387096774194,0.84,50,1,0
45,"Logistic SIS",0.15,1,0.0423387096774194,0.84,50,1,0
45,"Logistic SIS",0.2,1,0.0423387096774194,0.84,50,1,0
45,"Logistic SIS",0.25,1,0.0423387096774194,0.84,50,1,0
46,"mfscreen",0.05,1,0.00100806451612903,0.111111111111111,9,1,0
46,"mfscreen",0.1,1,0.00201612903225806,0.2,10,1,0
46,"mfscreen",0.15,1,0.0030241935483871,0.272727272727273,11,1,0
46,"mfscreen",0.2,1,0.00403225806451613,0.333333333333333,12,1,0
46,"mfscreen",0.25,1,0.00504032258064516,0.384615384615385,13,1,0
46,"Pearson SIS",0.05,1,0.0423387096774194,0.84,50,1,0
46,"Pearson SIS",0.1,1,0.0423387096774194,0.84,50,1,0
46,"Pearson SIS",0.15,1,0.0423387096774194,0.84,50,1,0
46,"Pearson SIS",0.2,1,0.0423387096774194,0.84,50,1,0
46,"Pearson SIS",0.25,1,0.0423387096774194,0.84,50,1,0
46,"Spearman SIS",0.05,1,0.0423387096774194,0.84,50,1,0
46,"Spearman SIS",0.1,1,0.0423387096774194,0.84,50,1,0
46,"Spearman SIS",0.15,1,0.0423387096774194,0.84,50,1,0
46,"Spearman SIS",0.2,1,0.0423387096774194,0.84,50,1,0
46,"Spearman SIS",0.25,1,0.0423387096774194,0.84,50,1,0
46,"Logistic SIS",0.05,1,0.0423387096774194,0.84,50,1,0
46,"Logistic SIS",0.1,1,0.0423387096774194,0.84,50,1,0
46,"Logistic SIS",0.15,1,0.0423387096774194,0.84,50,1,0
46,"Logistic SIS",0.2,1,0.0423387096774194,0.84,50,1,0
46,"Logistic SIS",0.25,1,0.0423387096774194,0.84,50,1,0
47,"mfscreen",0.05,1,0.00100806451612903,0.111111111111111,9,1,0
47,"mfscreen",0.1,1,0.00201612903225806,0.2,10,1,0
47,"mfscreen",0.15,1,0.00201612903225806,0.2,10,1,0
47,"mfscreen",0.2,1,0.00201612903225806,0.2,10,1,1
47,"mfscreen",0.25,1,0.00201612903225806,0.2,10,1,1
47,"Pearson SIS",0.05,1,0.0423387096774194,0.84,50,1,0
47,"Pearson SIS",0.1,1,0.0423387096774194,0.84,50,1,0
47,"Pearson SIS",0.15,1,0.0423387096774194,0.84,50,1,0
47,"Pearson SIS",0.2,1,0.0423387096774194,0.84,50,1,0
47,"Pearson SIS",0.25,1,0.0423387096774194,0.84,50,1,0
47,"Spearman SIS",0.05,1,0.0423387096774194,0.84,50,1,0
47,"Spearman SIS",0.1,1,0.0423387096774194,0.84,50,1,0
47,"Spearman SIS",0.15,1,0.0423387096774194,0.84,50,1,0
47,"Spearman SIS",0.2,1,0.0423387096774194,0.84,50,1,0
47,"Spearman SIS",0.25,1,0.0423387096774194,0.84,50,1,0
47,"Logistic SIS",0.05,1,0.0423387096774194,0.84,50,1,0
47,"Logistic SIS",0.1,1,0.0423387096774194,0.84,50,1,0
47,"Logistic SIS",0.15,1,0.0423387096774194,0.84,50,1,0
47,"Logistic SIS",0.2,1,0.0423387096774194,0.84,50,1,0
47,"Logistic SIS",0.25,1,0.0423387096774194,0.84,50,1,0
48,"mfscreen",0.05,1,0.00100806451612903,0.111111111111111,9,1,0
48,"mfscreen",0.1,1,0.00100806451612903,0.111111111111111,9,1,0
48,"mfscreen",0.15,1,0.00201612903225806,0.2,10,1,0
48,"mfscreen",0.2,1,0.0030241935483871,0.272727272727273,11,1,0
48,"mfscreen",0.25,1,0.00403225806451613,0.333333333333333,12,1,0
48,"Pearson SIS",0.05,1,0.0423387096774194,0.84,50,1,0
48,"Pearson SIS",0.1,1,0.0423387096774194,0.84,50,1,0
48,"Pearson SIS",0.15,1,0.0423387096774194,0.84,50,1,0
48,"Pearson SIS",0.2,1,0.0423387096774194,0.84,50,1,0
48,"Pearson SIS",0.25,1,0.0423387096774194,0.84,50,1,0
48,"Spearman SIS",0.05,1,0.0423387096774194,0.84,50,1,0
48,"Spearman SIS",0.1,1,0.0423387096774194,0.84,50,1,0
48,"Spearman SIS",0.15,1,0.0423387096774194,0.84,50,1,0
48,"Spearman SIS",0.2,1,0.0423387096774194,0.84,50,1,0
48,"Spearman SIS",0.25,1,0.0423387096774194,0.84,50,1,0
48,"Logistic SIS",0.05,1,0.0423387096774194,0.84,50,1,0
48,"Logistic SIS",0.1,1,0.0423387096774194,0.84,50,1,0
48,"Logistic SIS",0.15,1,0.0423387096774194,0.84,50,1,0
48,"Logistic SIS",0.2,1,0.0423387096774194,0.84,50,1,0
48,"Logistic SIS",0.25,1,0.0423387096774194,0.84,50,1,0
49,"mfscreen",0.05,1,0.00100806451612903,0.111111111111111,9,1,0
49,"mfscreen",0.1,1,0.00201612903225806,0.2,10,1,0
49,"mfscreen",0.15,1,0.00201612903225806,0.2,10,1,0
49,"mfscreen",0.2,1,0.0030241935483871,0.272727272727273,11,1,0
49,"mfscreen",0.25,1,0.0030241935483871,0.272727272727273,11,1,0
49,"Pearson SIS",0.05,1,0.0423387096774194,0.84,50,1,0
49,"Pearson SIS",0.1,1,0.0423387096774194,0.84,50,1,0
49,"Pearson SIS",0.15,1,0.0423387096774194,0.84,50,1,0
49,"Pearson SIS",0.2,1,0.0423387096774194,0.84,50,1,0
49,"Pearson SIS",0.25,1,0.0423387096774194,0.84,50,1,0
49,"Spearman SIS",0.05,1,0.0423387096774194,0.84,50,1,0
49,"Spearman SIS",0.1,1,0.0423387096774194,0.84,50,1,0
49,"Spearman SIS",0.15,1,0.0423387096774194,0.84,50,1,0
49,"Spearman SIS",0.2,1,0.0423387096774194,0.84,50,1,0
49,"Spearman SIS",0.25,1,0.0423387096774194,0.84,50,1,0
49,"Logistic SIS",0.05,1,0.0423387096774194,0.84,50,1,0
49,"Logistic SIS",0.1,1,0.0423387096774194,0.84,50,1,0
49,"Logistic SIS",0.15,1,0.0423387096774194,0.84,50,1,0
49,"Logistic SIS",0.2,1,0.0423387096774194,0.84,50,1,0
49,"Logistic SIS",0.25,1,0.0423387096774194,0.84,50,1,0
50,"mfscreen",0.05,1,0.00201612903225806,0.2,10,1,0
50,"mfscreen",0.1,1,0.00201612903225806,0.2,10,1,0
50,"mfscreen",0.15,1,0.0030241935483871,0.272727272727273,11,1,0
50,"mfscreen",0.2,1,0.0030241935483871,0.272727272727273,11,1,0
50,"mfscreen",0.25,1,0.00504032258064516,0.384615384615385,13,1,0
50,"Pearson SIS",0.05,1,0.0423387096774194,0.84,50,1,0
50,"Pearson SIS",0.1,1,0.0423387096774194,0.84,50,1,0
50,"Pearson SIS",0.15,1,0.0423387096774194,0.84,50,1,0
50,"Pearson SIS",0.2,1,0.0423387096774194,0.84,50,1,0
50,"Pearson SIS",0.25,1,0.0423387096774194,0.84,50,1,0
50,"Spearman SIS",0.05,1,0.0423387096774194,0.84,50,1,0
50,"Spearman SIS",0.1,1,0.0423387096774194,0.84,50,1,0
50,"Spearman SIS",0.15,1,0.0423387096774194,0.84,50,1,0
50,"Spearman SIS",0.2,1,0.0423387096774194,0.84,50,1,0
50,"Spearman SIS",0.25,1,0.0423387096774194,0.84,50,1,0
50,"Logistic SIS",0.05,1,0.0423387096774194,0.84,50,1,0
50,"Logistic SIS",0.1,1,0.0423387096774194,0.84,50,1,0
50,"Logistic SIS",0.15,1,0.0423387096774194,0.84,50,1,0
50,"Logistic SIS",0.2,1,0.0423387096774194,0.84,50,1,0
50,"Logistic SIS",0.25,1,0.0423387096774194,0.84,50,1,0
51,"mfscreen",0.05,1,0,0,8,1,1
51,"mfscreen",0.1,1,0.00100806451612903,0.111111111111111,9,1,0
51,"mfscreen",0.15,1,0.00100806451612903,0.111111111111111,9,1,1
51,"mfscreen",0.2,1,0.0030241935483871,0.272727272727273,11,1,0
51,"mfscreen",0.25,1,0.0030241935483871,0.272727272727273,11,1,0
51,"Pearson SIS",0.05,1,0.0423387096774194,0.84,50,1,0
51,"Pearson SIS",0.1,1,0.0423387096774194,0.84,50,1,0
51,"Pearson SIS",0.15,1,0.0423387096774194,0.84,50,1,0
51,"Pearson SIS",0.2,1,0.0423387096774194,0.84,50,1,0
51,"Pearson SIS",0.25,1,0.0423387096774194,0.84,50,1,0
51,"Spearman SIS",0.05,1,0.0423387096774194,0.84,50,1,0
51,"Spearman SIS",0.1,1,0.0423387096774194,0.84,50,1,0
51,"Spearman SIS",0.15,1,0.0423387096774194,0.84,50,1,0
51,"Spearman SIS",0.2,1,0.0423387096774194,0.84,50,1,0
51,"Spearman SIS",0.25,1,0.0423387096774194,0.84,50,1,0
51,"Logistic SIS",0.05,1,0.0423387096774194,0.84,50,1,0
51,"Logistic SIS",0.1,1,0.0423387096774194,0.84,50,1,0
51,"Logistic SIS",0.15,1,0.0423387096774194,0.84,50,1,0
51,"Logistic SIS",0.2,1,0.0423387096774194,0.84,50,1,0
51,"Logistic SIS",0.25,1,0.0423387096774194,0.84,50,1,0
52,"mfscreen",0.05,1,0,0,8,1,1
52,"mfscreen",0.1,1,0.00100806451612903,0.111111111111111,9,1,0
52,"mfscreen",0.15,1,0.00100806451612903,0.111111111111111,9,1,1
52,"mfscreen",0.2,1,0.00201612903225806,0.2,10,1,1
52,"mfscreen",0.25,1,0.0030241935483871,0.272727272727273,11,1,0
52,"Pearson SIS",0.05,1,0.0423387096774194,0.84,50,1,0
52,"Pearson SIS",0.1,1,0.0423387096774194,0.84,50,1,0
52,"Pearson SIS",0.15,1,0.0423387096774194,0.84,50,1,0
52,"Pearson SIS",0.2,1,0.0423387096774194,0.84,50,1,0
52,"Pearson SIS",0.25,1,0.0423387096774194,0.84,50,1,0
52,"Spearman SIS",0.05,1,0.0423387096774194,0.84,50,1,0
52,"Spearman SIS",0.1,1,0.0423387096774194,0.84,50,1,0
52,"Spearman SIS",0.15,1,0.0423387096774194,0.84,50,1,0
52,"Spearman SIS",0.2,1,0.0423387096774194,0.84,50,1,0
52,"Spearman SIS",0.25,1,0.0423387096774194,0.84,50,1,0
52,"Logistic SIS",0.05,1,0.0423387096774194,0.84,50,1,0
52,"Logistic SIS",0.1,1,0.0423387096774194,0.84,50,1,0
52,"Logistic SIS",0.15,1,0.0423387096774194,0.84,50,1,0
52,"Logistic SIS",0.2,1,0.0423387096774194,0.84,50,1,0
52,"Logistic SIS",0.25,1,0.0423387096774194,0.84,50,1,0
53,"mfscreen",0.05,1,0.00100806451612903,0.111111111111111,9,1,0
53,"mfscreen",0.1,1,0.00100806451612903,0.111111111111111,9,1,0
53,"mfscreen",0.15,1,0.00100806451612903,0.111111111111111,9,1,1
53,"mfscreen",0.2,1,0.00100806451612903,0.111111111111111,9,1,1
53,"mfscreen",0.25,1,0.00201612903225806,0.2,10,1,1
53,"Pearson SIS",0.05,1,0.0423387096774194,0.84,50,1,0
53,"Pearson SIS",0.1,1,0.0423387096774194,0.84,50,1,0
53,"Pearson SIS",0.15,1,0.0423387096774194,0.84,50,1,0
53,"Pearson SIS",0.2,1,0.0423387096774194,0.84,50,1,0
53,"Pearson SIS",0.25,1,0.0423387096774194,0.84,50,1,0
53,"Spearman SIS",0.05,1,0.0423387096774194,0.84,50,1,0
53,"Spearman SIS",0.1,1,0.0423387096774194,0.84,50,1,0
53,"Spearman SIS",0.15,1,0.0423387096774194,0.84,50,1,0
53,"Spearman SIS",0.2,1,0.0423387096774194,0.84,50,1,0
53,"Spearman SIS",0.25,1,0.0423387096774194,0.84,50,1,0
53,"Logistic SIS",0.05,1,0.0423387096774194,0.84,50,1,0
53,"Logistic SIS",0.1,1,0.0423387096774194,0.84,50,1,0
53,"Logistic SIS",0.15,1,0.0423387096774194,0.84,50,1,0
53,"Logistic SIS",0.2,1,0.0423387096774194,0.84,50,1,0
53,"Logistic SIS",0.25,1,0.0423387096774194,0.84,50,1,0
54,"mfscreen",0.05,1,0.00100806451612903,0.111111111111111,9,1,0
54,"mfscreen",0.1,1,0.0030241935483871,0.272727272727273,11,1,0
54,"mfscreen",0.15,1,0.0030241935483871,0.272727272727273,11,1,0
54,"mfscreen",0.2,1,0.0030241935483871,0.272727272727273,11,1,0
54,"mfscreen",0.25,1,0.00403225806451613,0.333333333333333,12,1,0
54,"Pearson SIS",0.05,1,0.0423387096774194,0.84,50,1,0
54,"Pearson SIS",0.1,1,0.0423387096774194,0.84,50,1,0
54,"Pearson SIS",0.15,1,0.0423387096774194,0.84,50,1,0
54,"Pearson SIS",0.2,1,0.0423387096774194,0.84,50,1,0
54,"Pearson SIS",0.25,1,0.0423387096774194,0.84,50,1,0
54,"Spearman SIS",0.05,1,0.0423387096774194,0.84,50,1,0
54,"Spearman SIS",0.1,1,0.0423387096774194,0.84,50,1,0
54,"Spearman SIS",0.15,1,0.0423387096774194,0.84,50,1,0
54,"Spearman SIS",0.2,1,0.0423387096774194,0.84,50,1,0
54,"Spearman SIS",0.25,1,0.0423387096774194,0.84,50,1,0
54,"Logistic SIS",0.05,1,0.0423387096774194,0.84,50,1,0
54,"Logistic SIS",0.1,1,0.0423387096774194,0.84,50,1,0
54,"Logistic SIS",0.15,1,0.0423387096774194,0.84,50,1,0
54,"Logistic SIS",0.2,1,0.0423387096774194,0.84,50,1,0
54,"Logistic SIS",0.25,1,0.0423387096774194,0.84,50,1,0
55,"mfscreen",0.05,1,0,0,8,1,1
55,"mfscreen",0.1,1,0,0,8,1,1
55,"mfscreen",0.15,1,0,0,8,1,1
55,"mfscreen",0.2,1,0,0,8,1,1
55,"mfscreen",0.25,1,0,0,8,1,1
55,"Pearson SIS",0.05,1,0.0423387096774194,0.84,50,1,0
55,"Pearson SIS",0.1,1,0.0423387096774194,0.84,50,1,0
55,"Pearson SIS",0.15,1,0.0423387096774194,0.84,50,1,0
55,"Pearson SIS",0.2,1,0.0423387096774194,0.84,50,1,0
55,"Pearson SIS",0.25,1,0.0423387096774194,0.84,50,1,0
55,"Spearman SIS",0.05,1,0.0423387096774194,0.84,50,1,0
55,"Spearman SIS",0.1,1,0.0423387096774194,0.84,50,1,0
55,"Spearman SIS",0.15,1,0.0423387096774194,0.84,50,1,0
55,"Spearman SIS",0.2,1,0.0423387096774194,0.84,50,1,0
55,"Spearman SIS",0.25,1,0.0423387096774194,0.84,50,1,0
55,"Logistic SIS",0.05,1,0.0423387096774194,0.84,50,1,0
55,"Logistic SIS",0.1,1,0.0423387096774194,0.84,50,1,0
55,"Logistic SIS",0.15,1,0.0423387096774194,0.84,50,1,0
55,"Logistic SIS",0.2,1,0.0423387096774194,0.84,50,1,0
55,"Logistic SIS",0.25,1,0.0423387096774194,0.84,50,1,0
56,"mfscreen",0.05,0.875,0,0,7,0,1
56,"mfscreen",0.1,0.875,0.00100806451612903,0.125,8,0,0
56,"mfscreen",0.15,0.875,0.00201612903225806,0.222222222222222,9,0,0
56,"mfscreen",0.2,1,0.0030241935483871,0.272727272727273,11,1,0
56,"mfscreen",0.25,1,0.00403225806451613,0.333333333333333,12,1,0
56,"Pearson SIS",0.05,1,0.0423387096774194,0.84,50,1,0
56,"Pearson SIS",0.1,1,0.0423387096774194,0.84,50,1,0
56,"Pearson SIS",0.15,1,0.0423387096774194,0.84,50,1,0
56,"Pearson SIS",0.2,1,0.0423387096774194,0.84,50,1,0
56,"Pearson SIS",0.25,1,0.0423387096774194,0.84,50,1,0
56,"Spearman SIS",0.05,1,0.0423387096774194,0.84,50,1,0
56,"Spearman SIS",0.1,1,0.0423387096774194,0.84,50,1,0
56,"Spearman SIS",0.15,1,0.0423387096774194,0.84,50,1,0
56,"Spearman SIS",0.2,1,0.0423387096774194,0.84,50,1,0
56,"Spearman SIS",0.25,1,0.0423387096774194,0.84,50,1,0
56,"Logistic SIS",0.05,1,0.0423387096774194,0.84,50,1,0
56,"Logistic SIS",0.1,1,0.0423387096774194,0.84,50,1,0
56,"Logistic SIS",0.15,1,0.0423387096774194,0.84,50,1,0
56,"Logistic SIS",0.2,1,0.0423387096774194,0.84,50,1,0
56,"Logistic SIS",0.25,1,0.0423387096774194,0.84,50,1,0
57,"mfscreen",0.05,1,0,0,8,1,1
57,"mfscreen",0.1,1,0,0,8,1,1
57,"mfscreen",0.15,1,0.00100806451612903,0.111111111111111,9,1,1
57,"mfscreen",0.2,1,0.00100806451612903,0.111111111111111,9,1,1
57,"mfscreen",0.25,1,0.00403225806451613,0.333333333333333,12,1,0
57,"Pearson SIS",0.05,1,0.0423387096774194,0.84,50,1,0
57,"Pearson SIS",0.1,1,0.0423387096774194,0.84,50,1,0
57,"Pearson SIS",0.15,1,0.0423387096774194,0.84,50,1,0
57,"Pearson SIS",0.2,1,0.0423387096774194,0.84,50,1,0
57,"Pearson SIS",0.25,1,0.0423387096774194,0.84,50,1,0
57,"Spearman SIS",0.05,1,0.0423387096774194,0.84,50,1,0
57,"Spearman SIS",0.1,1,0.0423387096774194,0.84,50,1,0
57,"Spearman SIS",0.15,1,0.0423387096774194,0.84,50,1,0
57,"Spearman SIS",0.2,1,0.0423387096774194,0.84,50,1,0
57,"Spearman SIS",0.25,1,0.0423387096774194,0.84,50,1,0
57,"Logistic SIS",0.05,1,0.0423387096774194,0.84,50,1,0
57,"Logistic SIS",0.1,1,0.0423387096774194,0.84,50,1,0
57,"Logistic SIS",0.15,1,0.0423387096774194,0.84,50,1,0
57,"Logistic SIS",0.2,1,0.0423387096774194,0.84,50,1,0
57,"Logistic SIS",0.25,1,0.0423387096774194,0.84,50,1,0
58,"mfscreen",0.05,1,0.00201612903225806,0.2,10,1,0
58,"mfscreen",0.1,1,0.00403225806451613,0.333333333333333,12,1,0
58,"mfscreen",0.15,1,0.00403225806451613,0.333333333333333,12,1,0
58,"mfscreen",0.2,1,0.00403225806451613,0.333333333333333,12,1,0
58,"mfscreen",0.25,1,0.00403225806451613,0.333333333333333,12,1,0
58,"Pearson SIS",0.05,1,0.0423387096774194,0.84,50,1,0
58,"Pearson SIS",0.1,1,0.0423387096774194,0.84,50,1,0
58,"Pearson SIS",0.15,1,0.0423387096774194,0.84,50,1,0
58,"Pearson SIS",0.2,1,0.0423387096774194,0.84,50,1,0
58,"Pearson SIS",0.25,1,0.0423387096774194,0.84,50,1,0
58,"Spearman SIS",0.05,1,0.0423387096774194,0.84,50,1,0
58,"Spearman SIS",0.1,1,0.0423387096774194,0.84,50,1,0
58,"Spearman SIS",0.15,1,0.0423387096774194,0.84,50,1,0
58,"Spearman SIS",0.2,1,0.0423387096774194,0.84,50,1,0
58,"Spearman SIS",0.25,1,0.0423387096774194,0.84,50,1,0
58,"Logistic SIS",0.05,1,0.0423387096774194,0.84,50,1,0
58,"Logistic SIS",0.1,1,0.0423387096774194,0.84,50,1,0
58,"Logistic SIS",0.15,1,0.0423387096774194,0.84,50,1,0
58,"Logistic SIS",0.2,1,0.0423387096774194,0.84,50,1,0
58,"Logistic SIS",0.25,1,0.0423387096774194,0.84,50,1,0
59,"mfscreen",0.05,0.875,0,0,7,0,1
59,"mfscreen",0.1,1,0,0,8,1,1
59,"mfscreen",0.15,1,0.00100806451612903,0.111111111111111,9,1,1
59,"mfscreen",0.2,1,0.00201612903225806,0.2,10,1,1
59,"mfscreen",0.25,1,0.00201612903225806,0.2,10,1,1
59,"Pearson SIS",0.05,1,0.0423387096774194,0.84,50,1,0
59,"Pearson SIS",0.1,1,0.0423387096774194,0.84,50,1,0
59,"Pearson SIS",0.15,1,0.0423387096774194,0.84,50,1,0
59,"Pearson SIS",0.2,1,0.0423387096774194,0.84,50,1,0
59,"Pearson SIS",0.25,1,0.0423387096774194,0.84,50,1,0
59,"Spearman SIS",0.05,1,0.0423387096774194,0.84,50,1,0
59,"Spearman SIS",0.1,1,0.0423387096774194,0.84,50,1,0
59,"Spearman SIS",0.15,1,0.0423387096774194,0.84,50,1,0
59,"Spearman SIS",0.2,1,0.0423387096774194,0.84,50,1,0
59,"Spearman SIS",0.25,1,0.0423387096774194,0.84,50,1,0
59,"Logistic SIS",0.05,1,0.0423387096774194,0.84,50,1,0
59,"Logistic SIS",0.1,1,0.0423387096774194,0.84,50,1,0
59,"Logistic SIS",0.15,1,0.0423387096774194,0.84,50,1,0
59,"Logistic SIS",0.2,1,0.0423387096774194,0.84,50,1,0
59,"Logistic SIS",0.25,1,0.0423387096774194,0.84,50,1,0
60,"mfscreen",0.05,1,0,0,8,1,1
60,"mfscreen",0.1,1,0,0,8,1,1
60,"mfscreen",0.15,1,0.00100806451612903,0.111111111111111,9,1,1
60,"mfscreen",0.2,1,0.00100806451612903,0.111111111111111,9,1,1
60,"mfscreen",0.25,1,0.0030241935483871,0.272727272727273,11,1,0
60,"Pearson SIS",0.05,1,0.0423387096774194,0.84,50,1,0
60,"Pearson SIS",0.1,1,0.0423387096774194,0.84,50,1,0
60,"Pearson SIS",0.15,1,0.0423387096774194,0.84,50,1,0
60,"Pearson SIS",0.2,1,0.0423387096774194,0.84,50,1,0
60,"Pearson SIS",0.25,1,0.0423387096774194,0.84,50,1,0
60,"Spearman SIS",0.05,1,0.0423387096774194,0.84,50,1,0
60,"Spearman SIS",0.1,1,0.0423387096774194,0.84,50,1,0
60,"Spearman SIS",0.15,1,0.0423387096774194,0.84,50,1,0
60,"Spearman SIS",0.2,1,0.0423387096774194,0.84,50,1,0
60,"Spearman SIS",0.25,1,0.0423387096774194,0.84,50,1,0
60,"Logistic SIS",0.05,1,0.0423387096774194,0.84,50,1,0
60,"Logistic SIS",0.1,1,0.0423387096774194,0.84,50,1,0
60,"Logistic SIS",0.15,1,0.0423387096774194,0.84,50,1,0
60,"Logistic SIS",0.2,1,0.0423387096774194,0.84,50,1,0
60,"Logistic SIS",0.25,1,0.0423387096774194,0.84,50,1,0
61,"mfscreen",0.05,0.875,0,0,7,0,1
61,"mfscreen",0.1,0.875,0.00100806451612903,0.125,8,0,0
61,"mfscreen",0.15,0.875,0.00100806451612903,0.125,8,0,1
61,"mfscreen",0.2,1,0.00100806451612903,0.111111111111111,9,1,1
61,"mfscreen",0.25,1,0.00201612903225806,0.2,10,1,1
61,"Pearson SIS",0.05,1,0.0423387096774194,0.84,50,1,0
61,"Pearson SIS",0.1,1,0.0423387096774194,0.84,50,1,0
61,"Pearson SIS",0.15,1,0.0423387096774194,0.84,50,1,0
61,"Pearson SIS",0.2,1,0.0423387096774194,0.84,50,1,0
61,"Pearson SIS",0.25,1,0.0423387096774194,0.84,50,1,0
61,"Spearman SIS",0.05,1,0.0423387096774194,0.84,50,1,0
61,"Spearman SIS",0.1,1,0.0423387096774194,0.84,50,1,0
61,"Spearman SIS",0.15,1,0.0423387096774194,0.84,50,1,0
61,"Spearman SIS",0.2,1,0.0423387096774194,0.84,50,1,0
61,"Spearman SIS",0.25,1,0.0423387096774194,0.84,50,1,0
61,"Logistic SIS",0.05,1,0.0423387096774194,0.84,50,1,0
61,"Logistic SIS",0.1,1,0.0423387096774194,0.84,50,1,0
61,"Logistic SIS",0.15,1,0.0423387096774194,0.84,50,1,0
61,"Logistic SIS",0.2,1,0.0423387096774194,0.84,50,1,0
61,"Logistic SIS",0.25,1,0.0423387096774194,0.84,50,1,0
62,"mfscreen",0.05,1,0,0,8,1,1
62,"mfscreen",0.1,1,0,0,8,1,1
62,"mfscreen",0.15,1,0,0,8,1,1
62,"mfscreen",0.2,1,0,0,8,1,1
62,"mfscreen",0.25,1,0.00100806451612903,0.111111111111111,9,1,1
62,"Pearson SIS",0.05,1,0.0423387096774194,0.84,50,1,0
62,"Pearson SIS",0.1,1,0.0423387096774194,0.84,50,1,0
62,"Pearson SIS",0.15,1,0.0423387096774194,0.84,50,1,0
62,"Pearson SIS",0.2,1,0.0423387096774194,0.84,50,1,0
62,"Pearson SIS",0.25,1,0.0423387096774194,0.84,50,1,0
62,"Spearman SIS",0.05,1,0.0423387096774194,0.84,50,1,0
62,"Spearman SIS",0.1,1,0.0423387096774194,0.84,50,1,0
62,"Spearman SIS",0.15,1,0.0423387096774194,0.84,50,1,0
62,"Spearman SIS",0.2,1,0.0423387096774194,0.84,50,1,0
62,"Spearman SIS",0.25,1,0.0423387096774194,0.84,50,1,0
62,"Logistic SIS",0.05,1,0.0423387096774194,0.84,50,1,0
62,"Logistic SIS",0.1,1,0.0423387096774194,0.84,50,1,0
62,"Logistic SIS",0.15,1,0.0423387096774194,0.84,50,1,0
62,"Logistic SIS",0.2,1,0.0423387096774194,0.84,50,1,0
62,"Logistic SIS",0.25,1,0.0423387096774194,0.84,50,1,0
63,"mfscreen",0.05,1,0,0,8,1,1
63,"mfscreen",0.1,1,0.00100806451612903,0.111111111111111,9,1,0
63,"mfscreen",0.15,1,0.00100806451612903,0.111111111111111,9,1,1
63,"mfscreen",0.2,1,0.00201612903225806,0.2,10,1,1
63,"mfscreen",0.25,1,0.0030241935483871,0.272727272727273,11,1,0
63,"Pearson SIS",0.05,1,0.0423387096774194,0.84,50,1,0
63,"Pearson SIS",0.1,1,0.0423387096774194,0.84,50,1,0
63,"Pearson SIS",0.15,1,0.0423387096774194,0.84,50,1,0
63,"Pearson SIS",0.2,1,0.0423387096774194,0.84,50,1,0
63,"Pearson SIS",0.25,1,0.0423387096774194,0.84,50,1,0
63,"Spearman SIS",0.05,1,0.0423387096774194,0.84,50,1,0
63,"Spearman SIS",0.1,1,0.0423387096774194,0.84,50,1,0
63,"Spearman SIS",0.15,1,0.0423387096774194,0.84,50,1,0
63,"Spearman SIS",0.2,1,0.0423387096774194,0.84,50,1,0
63,"Spearman SIS",0.25,1,0.0423387096774194,0.84,50,1,0
63,"Logistic SIS",0.05,1,0.0423387096774194,0.84,50,1,0
63,"Logistic SIS",0.1,1,0.0423387096774194,0.84,50,1,0
63,"Logistic SIS",0.15,1,0.0423387096774194,0.84,50,1,0
63,"Logistic SIS",0.2,1,0.0423387096774194,0.84,50,1,0
63,"Logistic SIS",0.25,1,0.0423387096774194,0.84,50,1,0
64,"mfscreen",0.05,1,0,0,8,1,1
64,"mfscreen",0.1,1,0,0,8,1,1
64,"mfscreen",0.15,1,0.00100806451612903,0.111111111111111,9,1,1
64,"mfscreen",0.2,1,0.00100806451612903,0.111111111111111,9,1,1
64,"mfscreen",0.25,1,0.00100806451612903,0.111111111111111,9,1,1
64,"Pearson SIS",0.05,1,0.0423387096774194,0.84,50,1,0
64,"Pearson SIS",0.1,1,0.0423387096774194,0.84,50,1,0
64,"Pearson SIS",0.15,1,0.0423387096774194,0.84,50,1,0
64,"Pearson SIS",0.2,1,0.0423387096774194,0.84,50,1,0
64,"Pearson SIS",0.25,1,0.0423387096774194,0.84,50,1,0
64,"Spearman SIS",0.05,1,0.0423387096774194,0.84,50,1,0
64,"Spearman SIS",0.1,1,0.0423387096774194,0.84,50,1,0
64,"Spearman SIS",0.15,1,0.0423387096774194,0.84,50,1,0
64,"Spearman SIS",0.2,1,0.0423387096774194,0.84,50,1,0
64,"Spearman SIS",0.25,1,0.0423387096774194,0.84,50,1,0
64,"Logistic SIS",0.05,1,0.0423387096774194,0.84,50,1,0
64,"Logistic SIS",0.1,1,0.0423387096774194,0.84,50,1,0
64,"Logistic SIS",0.15,1,0.0423387096774194,0.84,50,1,0
64,"Logistic SIS",0.2,1,0.0423387096774194,0.84,50,1,0
64,"Logistic SIS",0.25,1,0.0423387096774194,0.84,50,1,0
65,"mfscreen",0.05,1,0.00201612903225806,0.2,10,1,0
65,"mfscreen",0.1,1,0.00403225806451613,0.333333333333333,12,1,0
65,"mfscreen",0.15,1,0.00403225806451613,0.333333333333333,12,1,0
65,"mfscreen",0.2,1,0.00504032258064516,0.384615384615385,13,1,0
65,"mfscreen",0.25,1,0.00504032258064516,0.384615384615385,13,1,0
65,"Pearson SIS",0.05,1,0.0423387096774194,0.84,50,1,0
65,"Pearson SIS",0.1,1,0.0423387096774194,0.84,50,1,0
65,"Pearson SIS",0.15,1,0.0423387096774194,0.84,50,1,0
65,"Pearson SIS",0.2,1,0.0423387096774194,0.84,50,1,0
65,"Pearson SIS",0.25,1,0.0423387096774194,0.84,50,1,0
65,"Spearman SIS",0.05,1,0.0423387096774194,0.84,50,1,0
65,"Spearman SIS",0.1,1,0.0423387096774194,0.84,50,1,0
65,"Spearman SIS",0.15,1,0.0423387096774194,0.84,50,1,0
65,"Spearman SIS",0.2,1,0.0423387096774194,0.84,50,1,0
65,"Spearman SIS",0.25,1,0.0423387096774194,0.84,50,1,0
65,"Logistic SIS",0.05,1,0.0423387096774194,0.84,50,1,0
65,"Logistic SIS",0.1,1,0.0423387096774194,0.84,50,1,0
65,"Logistic SIS",0.15,1,0.0423387096774194,0.84,50,1,0
65,"Logistic SIS",0.2,1,0.0423387096774194,0.84,50,1,0
65,"Logistic SIS",0.25,1,0.0423387096774194,0.84,50,1,0
66,"mfscreen",0.05,1,0,0,8,1,1
66,"mfscreen",0.1,1,0,0,8,1,1
66,"mfscreen",0.15,1,0,0,8,1,1
66,"mfscreen",0.2,1,0,0,8,1,1
66,"mfscreen",0.25,1,0.00100806451612903,0.111111111111111,9,1,1
66,"Pearson SIS",0.05,1,0.0423387096774194,0.84,50,1,0
66,"Pearson SIS",0.1,1,0.0423387096774194,0.84,50,1,0
66,"Pearson SIS",0.15,1,0.0423387096774194,0.84,50,1,0
66,"Pearson SIS",0.2,1,0.0423387096774194,0.84,50,1,0
66,"Pearson SIS",0.25,1,0.0423387096774194,0.84,50,1,0
66,"Spearman SIS",0.05,1,0.0423387096774194,0.84,50,1,0
66,"Spearman SIS",0.1,1,0.0423387096774194,0.84,50,1,0
66,"Spearman SIS",0.15,1,0.0423387096774194,0.84,50,1,0
66,"Spearman SIS",0.2,1,0.0423387096774194,0.84,50,1,0
66,"Spearman SIS",0.25,1,0.0423387096774194,0.84,50,1,0
66,"Logistic SIS",0.05,1,0.0423387096774194,0.84,50,1,0
66,"Logistic SIS",0.1,1,0.0423387096774194,0.84,50,1,0
66,"Logistic SIS",0.15,1,0.0423387096774194,0.84,50,1,0
66,"Logistic SIS",0.2,1,0.0423387096774194,0.84,50,1,0
66,"Logistic SIS",0.25,1,0.0423387096774194,0.84,50,1,0
67,"mfscreen",0.05,1,0.00100806451612903,0.111111111111111,9,1,0
67,"mfscreen",0.1,1,0.00201612903225806,0.2,10,1,0
67,"mfscreen",0.15,1,0.00201612903225806,0.2,10,1,0
67,"mfscreen",0.2,1,0.00201612903225806,0.2,10,1,1
67,"mfscreen",0.25,1,0.00201612903225806,0.2,10,1,1
67,"Pearson SIS",0.05,1,0.0423387096774194,0.84,50,1,0
67,"Pearson SIS",0.1,1,0.0423387096774194,0.84,50,1,0
67,"Pearson SIS",0.15,1,0.0423387096774194,0.84,50,1,0
67,"Pearson SIS",0.2,1,0.0423387096774194,0.84,50,1,0
67,"Pearson SIS",0.25,1,0.0423387096774194,0.84,50,1,0
67,"Spearman SIS",0.05,1,0.0423387096774194,0.84,50,1,0
67,"Spearman SIS",0.1,1,0.0423387096774194,0.84,50,1,0
67,"Spearman SIS",0.15,1,0.0423387096774194,0.84,50,1,0
67,"Spearman SIS",0.2,1,0.0423387096774194,0.84,50,1,0
67,"Spearman SIS",0.25,1,0.0423387096774194,0.84,50,1,0
67,"Logistic SIS",0.05,1,0.0423387096774194,0.84,50,1,0
67,"Logistic SIS",0.1,1,0.0423387096774194,0.84,50,1,0
67,"Logistic SIS",0.15,1,0.0423387096774194,0.84,50,1,0
67,"Logistic SIS",0.2,1,0.0423387096774194,0.84,50,1,0
67,"Logistic SIS",0.25,1,0.0423387096774194,0.84,50,1,0
68,"mfscreen",0.05,0.875,0,0,7,0,1
68,"mfscreen",0.1,0.875,0,0,7,0,1
68,"mfscreen",0.15,0.875,0.00100806451612903,0.125,8,0,1
68,"mfscreen",0.2,0.875,0.00201612903225806,0.222222222222222,9,0,0
68,"mfscreen",0.25,0.875,0.0030241935483871,0.3,10,0,0
68,"Pearson SIS",0.05,1,0.0423387096774194,0.84,50,1,0
68,"Pearson SIS",0.1,1,0.0423387096774194,0.84,50,1,0
68,"Pearson SIS",0.15,1,0.0423387096774194,0.84,50,1,0
68,"Pearson SIS",0.2,1,0.0423387096774194,0.84,50,1,0
68,"Pearson SIS",0.25,1,0.0423387096774194,0.84,50,1,0
68,"Spearman SIS",0.05,1,0.0423387096774194,0.84,50,1,0
68,"Spearman SIS",0.1,1,0.0423387096774194,0.84,50,1,0
68,"Spearman SIS",0.15,1,0.0423387096774194,0.84,50,1,0
68,"Spearman SIS",0.2,1,0.0423387096774194,0.84,50,1,0
68,"Spearman SIS",0.25,1,0.0423387096774194,0.84,50,1,0
68,"Logistic SIS",0.05,1,0.0423387096774194,0.84,50,1,0
68,"Logistic SIS",0.1,1,0.0423387096774194,0.84,50,1,0
68,"Logistic SIS",0.15,1,0.0423387096774194,0.84,50,1,0
68,"Logistic SIS",0.2,1,0.0423387096774194,0.84,50,1,0
68,"Logistic SIS",0.25,1,0.0423387096774194,0.84,50,1,0
69,"mfscreen",0.05,1,0,0,8,1,1
69,"mfscreen",0.1,1,0,0,8,1,1
69,"mfscreen",0.15,1,0,0,8,1,1
69,"mfscreen",0.2,1,0,0,8,1,1
69,"mfscreen",0.25,1,0,0,8,1,1
69,"Pearson SIS",0.05,1,0.0423387096774194,0.84,50,1,0
69,"Pearson SIS",0.1,1,0.0423387096774194,0.84,50,1,0
69,"Pearson SIS",0.15,1,0.0423387096774194,0.84,50,1,0
69,"Pearson SIS",0.2,1,0.0423387096774194,0.84,50,1,0
69,"Pearson SIS",0.25,1,0.0423387096774194,0.84,50,1,0
69,"Spearman SIS",0.05,1,0.0423387096774194,0.84,50,1,0
69,"Spearman SIS",0.1,1,0.0423387096774194,0.84,50,1,0
69,"Spearman SIS",0.15,1,0.0423387096774194,0.84,50,1,0
69,"Spearman SIS",0.2,1,0.0423387096774194,0.84,50,1,0
69,"Spearman SIS",0.25,1,0.0423387096774194,0.84,50,1,0
69,"Logistic SIS",0.05,1,0.0423387096774194,0.84,50,1,0
69,"Logistic SIS",0.1,1,0.0423387096774194,0.84,50,1,0
69,"Logistic SIS",0.15,1,0.0423387096774194,0.84,50,1,0
69,"Logistic SIS",0.2,1,0.0423387096774194,0.84,50,1,0
69,"Logistic SIS",0.25,1,0.0423387096774194,0.84,50,1,0
70,"mfscreen",0.05,1,0.00100806451612903,0.111111111111111,9,1,0
70,"mfscreen",0.1,1,0.00201612903225806,0.2,10,1,0
70,"mfscreen",0.15,1,0.00201612903225806,0.2,10,1,0
70,"mfscreen",0.2,1,0.00201612903225806,0.2,10,1,1
70,"mfscreen",0.25,1,0.0030241935483871,0.272727272727273,11,1,0
70,"Pearson SIS",0.05,1,0.0423387096774194,0.84,50,1,0
70,"Pearson SIS",0.1,1,0.0423387096774194,0.84,50,1,0
70,"Pearson SIS",0.15,1,0.0423387096774194,0.84,50,1,0
70,"Pearson SIS",0.2,1,0.0423387096774194,0.84,50,1,0
70,"Pearson SIS",0.25,1,0.0423387096774194,0.84,50,1,0
70,"Spearman SIS",0.05,1,0.0423387096774194,0.84,50,1,0
70,"Spearman SIS",0.1,1,0.0423387096774194,0.84,50,1,0
70,"Spearman SIS",0.15,1,0.0423387096774194,0.84,50,1,0
70,"Spearman SIS",0.2,1,0.0423387096774194,0.84,50,1,0
70,"Spearman SIS",0.25,1,0.0423387096774194,0.84,50,1,0
70,"Logistic SIS",0.05,1,0.0423387096774194,0.84,50,1,0
70,"Logistic SIS",0.1,1,0.0423387096774194,0.84,50,1,0
70,"Logistic SIS",0.15,1,0.0423387096774194,0.84,50,1,0
70,"Logistic SIS",0.2,1,0.0423387096774194,0.84,50,1,0
70,"Logistic SIS",0.25,1,0.0423387096774194,0.84,50,1,0
71,"mfscreen",0.05,1,0.00201612903225806,0.2,10,1,0
71,"mfscreen",0.1,1,0.00201612903225806,0.2,10,1,0
71,"mfscreen",0.15,1,0.00201612903225806,0.2,10,1,0
71,"mfscreen",0.2,1,0.00201612903225806,0.2,10,1,1
71,"mfscreen",0.25,1,0.00201612903225806,0.2,10,1,1
71,"Pearson SIS",0.05,1,0.0423387096774194,0.84,50,1,0
71,"Pearson SIS",0.1,1,0.0423387096774194,0.84,50,1,0
71,"Pearson SIS",0.15,1,0.0423387096774194,0.84,50,1,0
71,"Pearson SIS",0.2,1,0.0423387096774194,0.84,50,1,0
71,"Pearson SIS",0.25,1,0.0423387096774194,0.84,50,1,0
71,"Spearman SIS",0.05,1,0.0423387096774194,0.84,50,1,0
71,"Spearman SIS",0.1,1,0.0423387096774194,0.84,50,1,0
71,"Spearman SIS",0.15,1,0.0423387096774194,0.84,50,1,0
71,"Spearman SIS",0.2,1,0.0423387096774194,0.84,50,1,0
71,"Spearman SIS",0.25,1,0.0423387096774194,0.84,50,1,0
71,"Logistic SIS",0.05,1,0.0423387096774194,0.84,50,1,0
71,"Logistic SIS",0.1,1,0.0423387096774194,0.84,50,1,0
71,"Logistic SIS",0.15,1,0.0423387096774194,0.84,50,1,0
71,"Logistic SIS",0.2,1,0.0423387096774194,0.84,50,1,0
71,"Logistic SIS",0.25,1,0.0423387096774194,0.84,50,1,0
72,"mfscreen",0.05,1,0.00201612903225806,0.2,10,1,0
72,"mfscreen",0.1,1,0.0030241935483871,0.272727272727273,11,1,0
72,"mfscreen",0.15,1,0.0030241935483871,0.272727272727273,11,1,0
72,"mfscreen",0.2,1,0.00504032258064516,0.384615384615385,13,1,0
72,"mfscreen",0.25,1,0.00504032258064516,0.384615384615385,13,1,0
72,"Pearson SIS",0.05,1,0.0423387096774194,0.84,50,1,0
72,"Pearson SIS",0.1,1,0.0423387096774194,0.84,50,1,0
72,"Pearson SIS",0.15,1,0.0423387096774194,0.84,50,1,0
72,"Pearson SIS",0.2,1,0.0423387096774194,0.84,50,1,0
72,"Pearson SIS",0.25,1,0.0423387096774194,0.84,50,1,0
72,"Spearman SIS",0.05,1,0.0423387096774194,0.84,50,1,0
72,"Spearman SIS",0.1,1,0.0423387096774194,0.84,50,1,0
72,"Spearman SIS",0.15,1,0.0423387096774194,0.84,50,1,0
72,"Spearman SIS",0.2,1,0.0423387096774194,0.84,50,1,0
72,"Spearman SIS",0.25,1,0.0423387096774194,0.84,50,1,0
72,"Logistic SIS",0.05,1,0.0423387096774194,0.84,50,1,0
72,"Logistic SIS",0.1,1,0.0423387096774194,0.84,50,1,0
72,"Logistic SIS",0.15,1,0.0423387096774194,0.84,50,1,0
72,"Logistic SIS",0.2,1,0.0423387096774194,0.84,50,1,0
72,"Logistic SIS",0.25,1,0.0423387096774194,0.84,50,1,0
73,"mfscreen",0.05,1,0.00201612903225806,0.2,10,1,0
73,"mfscreen",0.1,1,0.00201612903225806,0.2,10,1,0
73,"mfscreen",0.15,1,0.00201612903225806,0.2,10,1,0
73,"mfscreen",0.2,1,0.00201612903225806,0.2,10,1,1
73,"mfscreen",0.25,1,0.00403225806451613,0.333333333333333,12,1,0
73,"Pearson SIS",0.05,1,0.0423387096774194,0.84,50,1,0
73,"Pearson SIS",0.1,1,0.0423387096774194,0.84,50,1,0
73,"Pearson SIS",0.15,1,0.0423387096774194,0.84,50,1,0
73,"Pearson SIS",0.2,1,0.0423387096774194,0.84,50,1,0
73,"Pearson SIS",0.25,1,0.0423387096774194,0.84,50,1,0
73,"Spearman SIS",0.05,1,0.0423387096774194,0.84,50,1,0
73,"Spearman SIS",0.1,1,0.0423387096774194,0.84,50,1,0
73,"Spearman SIS",0.15,1,0.0423387096774194,0.84,50,1,0
73,"Spearman SIS",0.2,1,0.0423387096774194,0.84,50,1,0
73,"Spearman SIS",0.25,1,0.0423387096774194,0.84,50,1,0
73,"Logistic SIS",0.05,1,0.0423387096774194,0.84,50,1,0
73,"Logistic SIS",0.1,1,0.0423387096774194,0.84,50,1,0
73,"Logistic SIS",0.15,1,0.0423387096774194,0.84,50,1,0
73,"Logistic SIS",0.2,1,0.0423387096774194,0.84,50,1,0
73,"Logistic SIS",0.25,1,0.0423387096774194,0.84,50,1,0
74,"mfscreen",0.05,1,0,0,8,1,1
74,"mfscreen",0.1,1,0,0,8,1,1
74,"mfscreen",0.15,1,0,0,8,1,1
74,"mfscreen",0.2,1,0.00100806451612903,0.111111111111111,9,1,1
74,"mfscreen",0.25,1,0.00201612903225806,0.2,10,1,1
74,"Pearson SIS",0.05,1,0.0423387096774194,0.84,50,1,0
74,"Pearson SIS",0.1,1,0.0423387096774194,0.84,50,1,0
74,"Pearson SIS",0.15,1,0.0423387096774194,0.84,50,1,0
74,"Pearson SIS",0.2,1,0.0423387096774194,0.84,50,1,0
74,"Pearson SIS",0.25,1,0.0423387096774194,0.84,50,1,0
74,"Spearman SIS",0.05,1,0.0423387096774194,0.84,50,1,0
74,"Spearman SIS",0.1,1,0.0423387096774194,0.84,50,1,0
74,"Spearman SIS",0.15,1,0.0423387096774194,0.84,50,1,0
74,"Spearman SIS",0.2,1,0.0423387096774194,0.84,50,1,0
74,"Spearman SIS",0.25,1,0.0423387096774194,0.84,50,1,0
74,"Logistic SIS",0.05,1,0.0423387096774194,0.84,50,1,0
74,"Logistic SIS",0.1,1,0.0423387096774194,0.84,50,1,0
74,"Logistic SIS",0.15,1,0.0423387096774194,0.84,50,1,0
74,"Logistic SIS",0.2,1,0.0423387096774194,0.84,50,1,0
74,"Logistic SIS",0.25,1,0.0423387096774194,0.84,50,1,0
75,"mfscreen",0.05,1,0.00100806451612903,0.111111111111111,9,1,0
75,"mfscreen",0.1,1,0.00100806451612903,0.111111111111111,9,1,0
75,"mfscreen",0.15,1,0.00100806451612903,0.111111111111111,9,1,1
75,"mfscreen",0.2,1,0.0030241935483871,0.272727272727273,11,1,0
75,"mfscreen",0.25,1,0.0030241935483871,0.272727272727273,11,1,0
75,"Pearson SIS",0.05,1,0.0423387096774194,0.84,50,1,0
75,"Pearson SIS",0.1,1,0.0423387096774194,0.84,50,1,0
75,"Pearson SIS",0.15,1,0.0423387096774194,0.84,50,1,0
75,"Pearson SIS",0.2,1,0.0423387096774194,0.84,50,1,0
75,"Pearson SIS",0.25,1,0.0423387096774194,0.84,50,1,0
75,"Spearman SIS",0.05,1,0.0423387096774194,0.84,50,1,0
75,"Spearman SIS",0.1,1,0.0423387096774194,0.84,50,1,0
75,"Spearman SIS",0.15,1,0.0423387096774194,0.84,50,1,0
75,"Spearman SIS",0.2,1,0.0423387096774194,0.84,50,1,0
75,"Spearman SIS",0.25,1,0.0423387096774194,0.84,50,1,0
75,"Logistic SIS",0.05,1,0.0423387096774194,0.84,50,1,0
75,"Logistic SIS",0.1,1,0.0423387096774194,0.84,50,1,0
75,"Logistic SIS",0.15,1,0.0423387096774194,0.84,50,1,0
75,"Logistic SIS",0.2,1,0.0423387096774194,0.84,50,1,0
75,"Logistic SIS",0.25,1,0.0423387096774194,0.84,50,1,0
76,"mfscreen",0.05,1,0,0,8,1,1
76,"mfscreen",0.1,1,0,0,8,1,1
76,"mfscreen",0.15,1,0,0,8,1,1
76,"mfscreen",0.2,1,0.00100806451612903,0.111111111111111,9,1,1
76,"mfscreen",0.25,1,0.00100806451612903,0.111111111111111,9,1,1
76,"Pearson SIS",0.05,1,0.0423387096774194,0.84,50,1,0
76,"Pearson SIS",0.1,1,0.0423387096774194,0.84,50,1,0
76,"Pearson SIS",0.15,1,0.0423387096774194,0.84,50,1,0
76,"Pearson SIS",0.2,1,0.0423387096774194,0.84,50,1,0
76,"Pearson SIS",0.25,1,0.0423387096774194,0.84,50,1,0
76,"Spearman SIS",0.05,1,0.0423387096774194,0.84,50,1,0
76,"Spearman SIS",0.1,1,0.0423387096774194,0.84,50,1,0
76,"Spearman SIS",0.15,1,0.0423387096774194,0.84,50,1,0
76,"Spearman SIS",0.2,1,0.0423387096774194,0.84,50,1,0
76,"Spearman SIS",0.25,1,0.0423387096774194,0.84,50,1,0
76,"Logistic SIS",0.05,1,0.0423387096774194,0.84,50,1,0
76,"Logistic SIS",0.1,1,0.0423387096774194,0.84,50,1,0
76,"Logistic SIS",0.15,1,0.0423387096774194,0.84,50,1,0
76,"Logistic SIS",0.2,1,0.0423387096774194,0.84,50,1,0
76,"Logistic SIS",0.25,1,0.0423387096774194,0.84,50,1,0
77,"mfscreen",0.05,1,0,0,8,1,1
77,"mfscreen",0.1,1,0,0,8,1,1
77,"mfscreen",0.15,1,0,0,8,1,1
77,"mfscreen",0.2,1,0,0,8,1,1
77,"mfscreen",0.25,1,0,0,8,1,1
77,"Pearson SIS",0.05,1,0.0423387096774194,0.84,50,1,0
77,"Pearson SIS",0.1,1,0.0423387096774194,0.84,50,1,0
77,"Pearson SIS",0.15,1,0.0423387096774194,0.84,50,1,0
77,"Pearson SIS",0.2,1,0.0423387096774194,0.84,50,1,0
77,"Pearson SIS",0.25,1,0.0423387096774194,0.84,50,1,0
77,"Spearman SIS",0.05,1,0.0423387096774194,0.84,50,1,0
77,"Spearman SIS",0.1,1,0.0423387096774194,0.84,50,1,0
77,"Spearman SIS",0.15,1,0.0423387096774194,0.84,50,1,0
77,"Spearman SIS",0.2,1,0.0423387096774194,0.84,50,1,0
77,"Spearman SIS",0.25,1,0.0423387096774194,0.84,50,1,0
77,"Logistic SIS",0.05,1,0.0423387096774194,0.84,50,1,0
77,"Logistic SIS",0.1,1,0.0423387096774194,0.84,50,1,0
77,"Logistic SIS",0.15,1,0.0423387096774194,0.84,50,1,0
77,"Logistic SIS",0.2,1,0.0423387096774194,0.84,50,1,0
77,"Logistic SIS",0.25,1,0.0423387096774194,0.84,50,1,0
78,"mfscreen",0.05,0.875,0.00100806451612903,0.125,8,0,0
78,"mfscreen",0.1,1,0.00100806451612903,0.111111111111111,9,1,0
78,"mfscreen",0.15,1,0.00201612903225806,0.2,10,1,0
78,"mfscreen",0.2,1,0.00403225806451613,0.333333333333333,12,1,0
78,"mfscreen",0.25,1,0.00504032258064516,0.384615384615385,13,1,0
78,"Pearson SIS",0.05,1,0.0423387096774194,0.84,50,1,0
78,"Pearson SIS",0.1,1,0.0423387096774194,0.84,50,1,0
78,"Pearson SIS",0.15,1,0.0423387096774194,0.84,50,1,0
78,"Pearson SIS",0.2,1,0.0423387096774194,0.84,50,1,0
78,"Pearson SIS",0.25,1,0.0423387096774194,0.84,50,1,0
78,"Spearman SIS",0.05,1,0.0423387096774194,0.84,50,1,0
78,"Spearman SIS",0.1,1,0.0423387096774194,0.84,50,1,0
78,"Spearman SIS",0.15,1,0.0423387096774194,0.84,50,1,0
78,"Spearman SIS",0.2,1,0.0423387096774194,0.84,50,1,0
78,"Spearman SIS",0.25,1,0.0423387096774194,0.84,50,1,0
78,"Logistic SIS",0.05,1,0.0423387096774194,0.84,50,1,0
78,"Logistic SIS",0.1,1,0.0423387096774194,0.84,50,1,0
78,"Logistic SIS",0.15,1,0.0423387096774194,0.84,50,1,0
78,"Logistic SIS",0.2,1,0.0423387096774194,0.84,50,1,0
78,"Logistic SIS",0.25,1,0.0423387096774194,0.84,50,1,0
79,"mfscreen",0.05,1,0,0,8,1,1
79,"mfscreen",0.1,1,0.00100806451612903,0.111111111111111,9,1,0
79,"mfscreen",0.15,1,0.00100806451612903,0.111111111111111,9,1,1
79,"mfscreen",0.2,1,0.00100806451612903,0.111111111111111,9,1,1
79,"mfscreen",0.25,1,0.00100806451612903,0.111111111111111,9,1,1
79,"Pearson SIS",0.05,1,0.0423387096774194,0.84,50,1,0
79,"Pearson SIS",0.1,1,0.0423387096774194,0.84,50,1,0
79,"Pearson SIS",0.15,1,0.0423387096774194,0.84,50,1,0
79,"Pearson SIS",0.2,1,0.0423387096774194,0.84,50,1,0
79,"Pearson SIS",0.25,1,0.0423387096774194,0.84,50,1,0
79,"Spearman SIS",0.05,1,0.0423387096774194,0.84,50,1,0
79,"Spearman SIS",0.1,1,0.0423387096774194,0.84,50,1,0
79,"Spearman SIS",0.15,1,0.0423387096774194,0.84,50,1,0
79,"Spearman SIS",0.2,1,0.0423387096774194,0.84,50,1,0
79,"Spearman SIS",0.25,1,0.0423387096774194,0.84,50,1,0
79,"Logistic SIS",0.05,1,0.0423387096774194,0.84,50,1,0
79,"Logistic SIS",0.1,1,0.0423387096774194,0.84,50,1,0
79,"Logistic SIS",0.15,1,0.0423387096774194,0.84,50,1,0
79,"Logistic SIS",0.2,1,0.0423387096774194,0.84,50,1,0
79,"Logistic SIS",0.25,1,0.0423387096774194,0.84,50,1,0
80,"mfscreen",0.05,0.875,0,0,7,0,1
80,"mfscreen",0.1,1,0,0,8,1,1
80,"mfscreen",0.15,1,0.00201612903225806,0.2,10,1,0
80,"mfscreen",0.2,1,0.0030241935483871,0.272727272727273,11,1,0
80,"mfscreen",0.25,1,0.0030241935483871,0.272727272727273,11,1,0
80,"Pearson SIS",0.05,1,0.0423387096774194,0.84,50,1,0
80,"Pearson SIS",0.1,1,0.0423387096774194,0.84,50,1,0
80,"Pearson SIS",0.15,1,0.0423387096774194,0.84,50,1,0
80,"Pearson SIS",0.2,1,0.0423387096774194,0.84,50,1,0
80,"Pearson SIS",0.25,1,0.0423387096774194,0.84,50,1,0
80,"Spearman SIS",0.05,1,0.0423387096774194,0.84,50,1,0
80,"Spearman SIS",0.1,1,0.0423387096774194,0.84,50,1,0
80,"Spearman SIS",0.15,1,0.0423387096774194,0.84,50,1,0
80,"Spearman SIS",0.2,1,0.0423387096774194,0.84,50,1,0
80,"Spearman SIS",0.25,1,0.0423387096774194,0.84,50,1,0
80,"Logistic SIS",0.05,1,0.0423387096774194,0.84,50,1,0
80,"Logistic SIS",0.1,1,0.0423387096774194,0.84,50,1,0
80,"Logistic SIS",0.15,1,0.0423387096774194,0.84,50,1,0
80,"Logistic SIS",0.2,1,0.0423387096774194,0.84,50,1,0
80,"Logistic SIS",0.25,1,0.0423387096774194,0.84,50,1,0
